"Date","Price","Open","High","Low","Vol.","Change %"
"Sep 26, 2018","33,027.18","33,027.18","33,027.18","33,027.18","-","1.27%"
"Sep 24, 2018","32,613.90","32,613.90","32,613.90","32,613.90","-","-2.09%"
"Sep 21, 2018","33,308.86","33,308.86","33,308.86","33,308.86","-","2.58%"
"Sep 20, 2018","32,471.45","32,471.45","32,471.45","32,471.45","-","0.49%"
"Sep 19, 2018","32,312.59","32,312.59","32,312.59","32,312.59","-","1.81%"
"Sep 18, 2018","31,737.85","31,737.85","31,737.85","31,737.85","-","0.91%"
"Sep 17, 2018","31,453.06","31,453.06","31,453.06","31,453.06","-","-1.35%"
"Sep 14, 2018","31,882.06","31,882.06","31,882.06","31,882.06","-","0.89%"
"Sep 13, 2018","31,601.70","31,601.70","31,601.70","31,601.70","-","3.12%"
"Sep 12, 2018","30,645.81","30,645.81","30,645.81","30,645.81","-","-0.70%"
"Sep 11, 2018","30,862.25","30,862.25","30,862.25","30,862.25","-","-1.01%"
"Sep 10, 2018","31,176.98","31,176.98","31,176.98","31,176.98","-","-1.31%"
"Sep 07, 2018","31,589.51","31,589.51","31,589.51","31,589.51","-","0.03%"
"Sep 06, 2018","31,580.95","31,580.95","31,580.95","31,580.95","-","-0.50%"
"Sep 05, 2018","31,739.97","31,739.97","31,739.97","31,739.97","-","-2.65%"
"Sep 04, 2018","32,602.88","32,602.88","32,602.88","32,602.88","-","0.95%"
"Sep 03, 2018","32,294.49","32,294.49","32,294.49","32,294.49","-","-0.67%"
"Aug 31, 2018","32,511.54","32,511.54","32,511.54","32,511.54","-","-0.93%"
"Aug 30, 2018","32,818.26","32,818.26","32,818.26","32,818.26","-","-1.02%"
"Aug 29, 2018","33,155.29","33,155.29","33,155.29","33,155.29","-","-0.09%"
"Aug 28, 2018","33,184.88","33,184.88","33,184.88","33,184.88","-","0.25%"
"Aug 27, 2018","33,103.42","33,103.42","33,103.42","33,103.42","-","2.63%"
"Aug 24, 2018","32,256.58","32,256.58","32,256.58","32,256.58","-","-0.42%"
"Aug 23, 2018","32,393.45","32,393.45","32,393.45","32,393.45","-","-0.41%"
"Aug 22, 2018","32,527.95","32,527.95","32,527.95","32,527.95","-","1.05%"
"Aug 21, 2018","32,188.74","32,188.74","32,188.74","32,188.74","-","1.33%"
"Aug 20, 2018","31,764.82","31,764.82","31,764.82","31,764.82","-","1.50%"
"Aug 17, 2018","31,296.24","31,296.24","31,296.24","31,296.24","-","0.48%"
"Aug 16, 2018","31,145.71","31,145.71","31,145.71","31,145.71","-","-0.45%"
"Aug 15, 2018","31,286.27","31,286.27","31,286.27","31,286.27","-","-2.15%"
"Aug 14, 2018","31,972.62","31,972.62","31,972.62","31,972.62","-","-0.99%"
"Aug 13, 2018","32,292.40","32,292.40","32,292.40","32,292.40","-","-1.96%"
"Aug 10, 2018","32,937.39","32,937.39","32,937.39","32,937.39","-","-0.40%"
"Aug 09, 2018","33,069.18","33,069.18","33,069.18","33,069.18","-","1.25%"
"Aug 08, 2018","32,660.37","32,660.37","32,660.37","32,660.37","-","0.29%"
"Aug 07, 2018","32,566.53","32,566.53","32,566.53","32,566.53","-","2.13%"
"Aug 06, 2018","31,888.48","31,888.48","31,888.48","31,888.48","-","0.09%"
"Aug 03, 2018","31,858.77","31,858.77","31,858.77","31,858.77","-","-0.29%"
"Aug 02, 2018","31,951.22","31,951.22","31,951.22","31,951.22","-","-2.33%"
"Aug 01, 2018","32,713.37","32,713.37","32,713.37","32,713.37","-","-0.84%"
"Jul 31, 2018","32,989.62","32,989.62","32,989.62","32,989.62","-","-0.42%"
"Jul 30, 2018","33,127.41","33,127.41","33,127.41","33,127.41","-","-0.39%"
"Jul 27, 2018","33,257.68","33,257.68","33,257.68","33,257.68","-","0.10%"
"Jul 26, 2018","33,223.30","33,223.30","33,223.30","33,223.30","-","-0.64%"
"Jul 25, 2018","33,436.36","33,436.36","33,436.36","33,436.36","-","1.14%"
"Jul 24, 2018","33,058.21","33,058.21","33,058.21","33,058.21","-","2.38%"
"Jul 23, 2018","32,288.43","32,288.43","32,288.43","32,288.43","-","0.45%"
"Jul 20, 2018","32,143.71","32,143.71","32,143.71","32,143.71","-","1.18%"
"Jul 19, 2018","31,767.88","31,767.88","31,767.88","31,767.88","-","-0.82%"
"Jul 18, 2018","32,031.54","32,031.54","32,031.54","32,031.54","-","-0.17%"
"Jul 17, 2018","32,087.07","32,087.07","32,087.07","32,087.07","-","-1.34%"
"Jul 16, 2018","32,522.51","32,522.51","32,522.51","32,522.51","-","-0.38%"
"Jul 13, 2018","32,646.98","32,646.98","32,646.98","32,646.98","-","-0.06%"
"Jul 12, 2018","32,666.25","32,666.25","32,666.25","32,666.25","-","1.09%"
"Jul 11, 2018","32,313.77","32,313.77","32,313.77","32,313.77","-","-1.55%"
"Jul 10, 2018","32,823.76","32,823.76","32,823.76","32,823.76","-","0.36%"
"Jul 09, 2018","32,705.62","32,705.62","32,705.62","32,705.62","-","2.07%"
"Jul 06, 2018","32,041.48","32,041.48","32,041.48","32,041.48","-","0.22%"
"Jul 05, 2018","31,969.66","31,969.66","31,969.66","31,969.66","-","0.02%"
"Jul 04, 2018","31,963.57","31,963.57","31,963.57","31,963.57","-","-1.46%"
"Jul 03, 2018","32,437.43","32,437.43","32,437.43","32,437.43","-","-1.69%"
"Jun 29, 2018","32,995.47","32,995.47","32,995.47","32,995.47","-","2.56%"
"Jun 28, 2018","32,173.25","32,173.25","32,173.25","32,173.25","-","0.11%"
"Jun 27, 2018","32,137.88","32,137.88","32,137.88","32,137.88","-","-2.29%"
"Jun 26, 2018","32,891.90","32,891.90","32,891.90","32,891.90","-","-0.78%"
"Jun 25, 2018","33,149.77","33,149.77","33,149.77","33,149.77","-","-1.52%"
"Jun 22, 2018","33,661.20","33,661.20","33,661.20","33,661.20","-","-0.11%"
"Jun 21, 2018","33,699.91","33,699.91","33,699.91","33,699.91","-","-1.48%"
"Jun 20, 2018","34,206.54","34,206.54","34,206.54","34,206.54","-","0.27%"
"Jun 19, 2018","34,114.46","34,114.46","34,114.46","34,114.46","-","-3.11%"
"Jun 15, 2018","35,210.19","35,210.19","35,210.19","35,210.19","-","-0.71%"
"Jun 14, 2018","35,462.07","35,462.07","35,462.07","35,462.07","-","-0.95%"
"Jun 13, 2018","35,802.34","35,802.34","35,802.34","35,802.34","-","-1.46%"
"Jun 12, 2018","36,333.66","36,333.66","36,333.66","36,333.66","-","0.34%"
"Jun 11, 2018","36,210.51","36,210.51","36,210.51","36,210.51","-","0.17%"
"Jun 08, 2018","36,150.06","36,150.06","36,150.06","36,150.06","-","-1.90%"
"Jun 07, 2018","36,850.14","36,850.14","36,850.14","36,850.14","-","1.19%"
"Jun 06, 2018","36,416.01","36,416.01","36,416.01","36,416.01","-","0.42%"
"Jun 05, 2018","36,262.99","36,262.99","36,262.99","36,262.99","-","0.42%"
"Jun 04, 2018","36,112.52","36,112.52","36,112.52","36,112.52","-","2.11%"
"Jun 01, 2018","35,367.31","35,367.31","35,367.31","35,367.31","-","0.53%"
"May 31, 2018","35,180.21","35,180.21","35,180.21","35,180.21","-","1.77%"
"May 30, 2018","34,566.80","34,566.80","34,566.80","34,566.80","-","-1.69%"
"May 29, 2018","35,160.20","35,160.20","35,160.20","35,160.20","-","-1.23%"
"May 28, 2018","35,599.52","35,599.52","35,599.52","35,599.52","-","0.47%"
"May 25, 2018","35,432.21","35,432.21","35,432.21","35,432.21","-","-0.69%"
"May 24, 2018","35,679.41","35,679.41","35,679.41","35,679.41","-","0.54%"
"May 23, 2018","35,487.11","35,487.11","35,487.11","35,487.11","-","-2.16%"
"May 21, 2018","36,269.78","36,269.78","36,269.78","36,269.78","-","-0.12%"
"May 18, 2018","36,313.40","36,313.40","36,313.40","36,313.40","-","0.68%"
"May 17, 2018","36,069.16","36,069.16","36,069.16","36,069.16","-","-0.80%"
"May 16, 2018","36,358.61","36,358.61","36,358.61","36,358.61","-","0.07%"
"May 15, 2018","36,332.83","36,332.83","36,332.83","36,332.83","-","-0.94%"
"May 14, 2018","36,677.82","36,677.82","36,677.82","36,677.82","-","1.60%"
"May 11, 2018","36,101.06","36,101.06","36,101.06","36,101.06","-","0.82%"
"May 10, 2018","35,806.33","35,806.33","35,806.33","35,806.33","-","0.56%"
"May 09, 2018","35,608.65","35,608.65","35,608.65","35,608.65","-","0.49%"
"May 08, 2018","35,434.17","35,434.17","35,434.17","35,434.17","-","1.54%"
"May 07, 2018","34,895.58","34,895.58","34,895.58","34,895.58","-","0.67%"
"May 04, 2018","34,662.85","34,662.85","34,662.85","34,662.85","-","-1.03%"
"May 03, 2018","35,023.23","35,023.23","35,023.23","35,023.23","-","-1.60%"
"May 02, 2018","35,593.07","35,593.07","35,593.07","35,593.07","-","-0.55%"
"Apr 30, 2018","35,790.71","35,790.71","35,790.71","35,790.71","-","1.99%"
"Apr 27, 2018","35,093.81","35,093.81","35,093.81","35,093.81","-","1.19%"
"Apr 26, 2018","34,680.90","34,680.90","34,680.90","34,680.90","-","-1.34%"
"Apr 25, 2018","35,150.55","35,150.55","35,150.55","35,150.55","-","-1.25%"
"Apr 24, 2018","35,594.00","35,594.00","35,594.00","35,594.00","-","2.06%"
"Apr 23, 2018","34,874.84","34,874.84","34,874.84","34,874.84","-","-0.80%"
"Apr 20, 2018","35,154.73","35,154.73","35,154.73","35,154.73","-","-1.58%"
"Apr 19, 2018","35,718.76","35,718.76","35,718.76","35,718.76","-","2.08%"
"Apr 18, 2018","34,991.62","34,991.62","34,991.62","34,991.62","-","0.68%"
"Apr 17, 2018","34,756.37","34,756.37","34,756.37","34,756.37","-","-1.18%"
"Apr 16, 2018","35,169.77","35,169.77","35,169.77","35,169.77","-","-2.03%"
"Apr 13, 2018","35,898.66","35,898.66","35,898.66","35,898.66","-","-0.26%"
"Apr 12, 2018","35,990.96","35,990.96","35,990.96","35,990.96","-","-0.23%"
"Apr 11, 2018","36,075.46","36,075.46","36,075.46","36,075.46","-","0.18%"
"Apr 10, 2018","36,010.27","36,010.27","36,010.27","36,010.27","-","2.38%"
"Apr 09, 2018","35,172.57","35,172.57","35,172.57","35,172.57","-","1.27%"
"Apr 06, 2018","34,731.77","34,731.77","34,731.77","34,731.77","-","1.37%"
"Apr 04, 2018","34,260.94","34,260.94","34,260.94","34,260.94","-","-2.54%"
"Apr 03, 2018","35,152.93","35,152.93","35,152.93","35,152.93","-","0.66%"
"Mar 29, 2018","34,921.74","34,921.74","34,921.74","34,921.74","-","0.01%"
"Mar 28, 2018","34,918.31","34,918.31","34,918.31","34,918.31","-","-2.86%"
"Mar 27, 2018","35,944.82","35,944.82","35,944.82","35,944.82","-","1.15%"
"Mar 26, 2018","35,537.68","35,537.68","35,537.68","35,537.68","-","0.79%"
"Mar 23, 2018","35,258.67","35,258.67","35,258.67","35,258.67","-","-2.89%"
"Mar 22, 2018","36,306.97","36,306.97","36,306.97","36,306.97","-","-0.96%"
"Mar 21, 2018","36,657.36","36,657.36","36,657.36","36,657.36","-","-0.48%"
"Mar 20, 2018","36,833.51","36,833.51","36,833.51","36,833.51","-","-0.03%"
"Mar 19, 2018","36,844.79","36,844.79","36,844.79","36,844.79","-","-0.17%"
"Mar 16, 2018","36,906.00","36,906.00","36,906.00","36,906.00","-","-0.22%"
"Mar 15, 2018","36,987.10","36,987.10","36,987.10","36,987.10","-","0.47%"
"Mar 14, 2018","36,815.22","36,815.22","36,815.22","36,815.22","-","-0.40%"
"Mar 13, 2018","36,963.39","36,963.39","36,963.39","36,963.39","-","0.11%"
"Mar 12, 2018","36,923.50","36,923.50","36,923.50","36,923.50","-","2.06%"
"Mar 09, 2018","36,178.54","36,178.54","36,178.54","36,178.54","-","1.17%"
"Mar 08, 2018","35,759.52","35,759.52","35,759.52","35,759.52","-","1.26%"
"Mar 07, 2018","35,313.36","35,313.36","35,313.36","35,313.36","-","-1.05%"
"Mar 06, 2018","35,687.91","35,687.91","35,687.91","35,687.91","-","2.61%"
"Mar 05, 2018","34,779.17","34,779.17","34,779.17","34,779.17","-","-1.98%"
"Mar 02, 2018","35,483.13","35,483.13","35,483.13","35,483.13","-","-1.90%"
"Mar 01, 2018","36,170.34","36,170.34","36,170.34","36,170.34","-","0.50%"
"Feb 28, 2018","35,989.97","35,989.97","35,989.97","35,989.97","-","-1.95%"
"Feb 27, 2018","36,705.55","36,705.55","36,705.55","36,705.55","-","-1.52%"
"Feb 26, 2018","37,271.43","37,271.43","37,271.43","37,271.43","-","0.60%"
"Feb 23, 2018","37,050.45","37,050.45","37,050.45","37,050.45","-","1.61%"
"Feb 22, 2018","36,462.42","36,462.42","36,462.42","36,462.42","-","-1.47%"
"Feb 21, 2018","37,007.57","37,007.57","37,007.57","37,007.57","-","2.38%"
"Feb 20, 2018","36,145.58","36,145.58","36,145.58","36,145.58","-","-0.91%"
"Feb 15, 2018","36,478.71","36,478.71","36,478.71","36,478.71","-","2.48%"
"Feb 14, 2018","35,594.45","35,594.45","35,594.45","35,594.45","-","2.19%"
"Feb 13, 2018","34,831.87","34,831.87","34,831.87","34,831.87","-","0.97%"
"Feb 12, 2018","34,496.16","34,496.16","34,496.16","34,496.16","-","-0.05%"
"Feb 09, 2018","34,514.88","34,514.88","34,514.88","34,514.88","-","-3.86%"
"Feb 08, 2018","35,898.92","35,898.92","35,898.92","35,898.92","-","-0.25%"
"Feb 07, 2018","35,988.20","35,988.20","35,988.20","35,988.20","-","-1.78%"
"Feb 06, 2018","36,638.60","36,638.60","36,638.60","36,638.60","-","-6.16%"
"Feb 05, 2018","39,044.88","39,044.88","39,044.88","39,044.88","-","-0.80%"
"Feb 02, 2018","39,361.36","39,361.36","39,361.36","39,361.36","-","0.55%"
"Feb 01, 2018","39,145.29","39,145.29","39,145.29","39,145.29","-","-0.77%"
"Jan 31, 2018","39,447.25","39,447.25","39,447.25","39,447.25","-","0.76%"
"Jan 30, 2018","39,151.20","39,151.20","39,151.20","39,151.20","-","-1.75%"
"Jan 29, 2018","39,848.11","39,848.11","39,848.11","39,848.11","-","-0.52%"
"Jan 26, 2018","40,054.53","40,054.53","40,054.53","40,054.53","-","2.07%"
"Jan 25, 2018","39,244.01","39,244.01","39,244.01","39,244.01","-","-1.50%"
"Jan 24, 2018","39,843.38","39,843.38","39,843.38","39,843.38","-","0.63%"
"Jan 23, 2018","39,594.98","39,594.98","39,594.98","39,594.98","-","2.15%"
"Jan 22, 2018","38,760.43","38,760.43","38,760.43","38,760.43","-","0.66%"
"Jan 19, 2018","38,504.44","38,504.44","38,504.44","38,504.44","-","0.85%"
"Jan 18, 2018","38,180.52","38,180.52","38,180.52","38,180.52","-","1.20%"
"Jan 17, 2018","37,726.52","37,726.52","37,726.52","37,726.52","-","0.30%"
"Jan 16, 2018","37,614.22","37,614.22","37,614.22","37,614.22","-","2.42%"
"Jan 15, 2018","36,726.41","36,726.41","36,726.41","36,726.41","-","-0.62%"
"Jan 12, 2018","36,957.22","36,957.22","36,957.22","36,957.22","-","1.36%"
"Jan 11, 2018","36,461.26","36,461.26","36,461.26","36,461.26","-","-0.29%"
"Jan 10, 2018","36,567.97","36,567.97","36,567.97","36,567.97","-","0.34%"
"Jan 09, 2018","36,443.98","36,443.98","36,443.98","36,443.98","-","0.12%"
"Jan 08, 2018","36,399.87","36,399.87","36,399.87","36,399.87","-","0.65%"
"Jan 05, 2018","36,166.17","36,166.17","36,166.17","36,166.17","-","0.32%"
"Jan 04, 2018","36,049.75","36,049.75","36,049.75","36,049.75","-","0.91%"
"Jan 03, 2018","35,726.18","35,726.18","35,726.18","35,726.18","-","0.28%"
"Jan 02, 2018","35,628.07","35,628.07","35,628.07","35,628.07","-","2.96%"
"Dec 29, 2017","34,604.30","34,604.30","34,604.30","34,604.30","-","0.16%"
"Dec 28, 2017","34,550.66","34,550.66","34,550.66","34,550.66","-","0.91%"
"Dec 27, 2017","34,238.86","34,238.86","34,238.86","34,238.86","-","0.04%"
"Dec 22, 2017","34,223.81","34,223.81","34,223.81","34,223.81","-","0.78%"
"Dec 21, 2017","33,959.16","33,959.16","33,959.16","33,959.16","-","0.93%"
"Dec 20, 2017","33,647.34","33,647.34","33,647.34","33,647.34","-","0.40%"
"Dec 18, 2017","33,514.93","33,514.93","33,514.93","33,514.93","-","0.34%"
"Dec 15, 2017","33,401.05","33,401.05","33,401.05","33,401.05","-","-1.62%"
"Dec 14, 2017","33,952.77","33,952.77","33,952.77","33,952.77","-","0.28%"
"Dec 13, 2017","33,858.78","33,858.78","33,858.78","33,858.78","-","1.51%"
"Dec 12, 2017","33,356.56","33,356.56","33,356.56","33,356.56","-","-0.97%"
"Dec 11, 2017","33,683.51","33,683.51","33,683.51","33,683.51","-","1.14%"
"Dec 08, 2017","33,302.79","33,302.79","33,302.79","33,302.79","-","1.62%"
"Dec 07, 2017","32,771.37","32,771.37","32,771.37","32,771.37","-","0.04%"
"Dec 06, 2017","32,759.28","32,759.28","32,759.28","32,759.28","-","-2.89%"
"Dec 05, 2017","33,734.45","33,734.45","33,734.45","33,734.45","-","-0.66%"
"Dec 04, 2017","33,957.56","33,957.56","33,957.56","33,957.56","-","0.60%"
"Dec 01, 2017","33,754.21","33,754.21","33,754.21","33,754.21","-","-0.33%"
"Nov 30, 2017","33,864.96","33,864.96","33,864.96","33,864.96","-","-1.79%"
"Nov 29, 2017","34,483.36","34,483.36","34,483.36","34,483.36","-","-0.45%"
"Nov 28, 2017","34,638.74","34,638.74","34,638.74","34,638.74","-","-0.09%"
"Nov 27, 2017","34,671.46","34,671.46","34,671.46","34,671.46","-","-1.03%"
"Nov 24, 2017","35,030.93","35,030.93","35,030.93","35,030.93","-","0.81%"
"Nov 23, 2017","34,749.84","34,749.84","34,749.84","34,749.84","-","-1.65%"
"Nov 22, 2017","35,334.48","35,334.48","35,334.48","35,334.48","-","0.72%"
"Nov 21, 2017","35,080.21","35,080.21","35,080.21","35,080.21","-","2.43%"
"Nov 20, 2017","34,248.46","34,248.46","34,248.46","34,248.46","-","-0.02%"
"Nov 17, 2017","34,256.61","34,256.61","34,256.61","34,256.61","-","0.70%"
"Nov 16, 2017","34,019.66","34,019.66","34,019.66","34,019.66","-","0.90%"
"Nov 15, 2017","33,715.75","33,715.75","33,715.75","33,715.75","-","-1.62%"
"Nov 14, 2017","34,271.04","34,271.04","34,271.04","34,271.04","-","-0.61%"
"Nov 13, 2017","34,479.69","34,479.69","34,479.69","34,479.69","-","-0.30%"
"Nov 10, 2017","34,582.32","34,582.32","34,582.32","34,582.32","-","-0.12%"
"Nov 09, 2017","34,624.33","34,624.33","34,624.33","34,624.33","-","1.08%"
"Nov 08, 2017","34,254.84","34,254.84","34,254.84","34,254.84","-","-0.50%"
"Nov 07, 2017","34,428.52","34,428.52","34,428.52","34,428.52","-","1.66%"
"Nov 06, 2017","33,867.29","33,867.29","33,867.29","33,867.29","-","-0.35%"
"Nov 03, 2017","33,985.13","33,985.13","33,985.13","33,985.13","-","0.19%"
"Nov 02, 2017","33,919.35","33,919.35","33,919.35","33,919.35","-","-0.18%"
"Nov 01, 2017","33,979.84","33,979.84","33,979.84","33,979.84","-","1.14%"
"Oct 31, 2017","33,598.44","33,598.44","33,598.44","33,598.44","-","-0.23%"
"Oct 30, 2017","33,675.95","33,675.95","33,675.95","33,675.95","-","-0.53%"
"Oct 27, 2017","33,855.15","33,855.15","33,855.15","33,855.15","-","0.99%"
"Oct 26, 2017","33,523.64","33,523.64","33,523.64","33,523.64","-","-0.62%"
"Oct 25, 2017","33,731.86","33,731.86","33,731.86","33,731.86","-","0.89%"
"Oct 24, 2017","33,434.68","33,434.68","33,434.68","33,434.68","-","-0.45%"
"Oct 23, 2017","33,585.53","33,585.53","33,585.53","33,585.53","-","-0.62%"
"Oct 20, 2017","33,795.83","33,795.83","33,795.83","33,795.83","-","1.82%"
"Oct 19, 2017","33,192.39","33,192.39","33,192.39","33,192.39","-","-2.34%"
"Oct 18, 2017","33,988.83","33,988.83","33,988.83","33,988.83","-","0.38%"
"Oct 17, 2017","33,861.39","33,861.39","33,861.39","33,861.39","-","-0.20%"
"Oct 16, 2017","33,929.58","33,929.58","33,929.58","33,929.58","-","0.70%"
"Oct 13, 2017","33,695.10","33,695.10","33,695.10","33,695.10","-","0.14%"
"Oct 12, 2017","33,649.16","33,649.16","33,649.16","33,649.16","-","0.52%"
"Oct 11, 2017","33,473.47","33,473.47","33,473.47","33,473.47","-","-0.27%"
"Oct 10, 2017","33,564.13","33,564.13","33,564.13","33,564.13","-","0.42%"
"Oct 09, 2017","33,424.03","33,424.03","33,424.03","33,424.03","-","-0.89%"
"Oct 06, 2017","33,724.46","33,724.46","33,724.46","33,724.46","-","0.62%"
"Oct 04, 2017","33,515.03","33,515.03","33,515.03","33,515.03","-","1.06%"
"Oct 03, 2017","33,162.18","33,162.18","33,162.18","33,162.18","-","3.48%"
"Sep 29, 2017","32,046.48","32,046.48","32,046.48","32,046.48","-","0.47%"
"Sep 28, 2017","31,896.06","31,896.06","31,896.06","31,896.06","-","-1.50%"
"Sep 27, 2017","32,382.00","32,382.00","32,382.00","32,382.00","-","0.84%"
"Sep 26, 2017","32,111.78","32,111.78","32,111.78","32,111.78","-","0.46%"
"Sep 25, 2017","31,966.25","31,966.25","31,966.25","31,966.25","-","-2.35%"
"Sep 22, 2017","32,735.63","32,735.63","32,735.63","32,735.63","-","-1.05%"
"Sep 21, 2017","33,082.53","33,082.53","33,082.53","33,082.53","-","0.18%"
"Sep 20, 2017","33,023.03","33,023.03","33,023.03","33,023.03","-","0.64%"
"Sep 19, 2017","32,814.40","32,814.40","32,814.40","32,814.40","-","-0.27%"
"Sep 18, 2017","32,904.07","32,904.07","32,904.07","32,904.07","-","1.73%"
"Sep 15, 2017","32,345.00","32,345.00","32,345.00","32,345.00","-","0.20%"
"Sep 14, 2017","32,280.84","32,280.84","32,280.84","32,280.84","-","-0.40%"
"Sep 13, 2017","32,411.71","32,411.71","32,411.71","32,411.71","-","-0.41%"
"Sep 12, 2017","32,545.39","32,545.39","32,545.39","32,545.39","-","0.19%"
"Sep 11, 2017","32,482.86","32,482.86","32,482.86","32,482.86","-","1.14%"
"Sep 08, 2017","32,118.25","32,118.25","32,118.25","32,118.25","-","0.33%"
"Sep 07, 2017","32,013.79","32,013.79","32,013.79","32,013.79","-","0.24%"
"Sep 06, 2017","31,936.78","31,936.78","31,936.78","31,936.78","-","-0.32%"
"Sep 05, 2017","32,040.67","32,040.67","32,040.67","32,040.67","-","0.16%"
"Sep 04, 2017","31,990.75","31,990.75","31,990.75","31,990.75","-","-0.90%"
"Sep 01, 2017","32,281.36","32,281.36","32,281.36","32,281.36","-","-0.16%"
"Aug 31, 2017","32,333.25","32,333.25","32,333.25","32,333.25","-","-0.47%"
"Aug 30, 2017","32,485.22","32,485.22","32,485.22","32,485.22","-","0.72%"
"Aug 29, 2017","32,252.68","32,252.68","32,252.68","32,252.68","-","-0.26%"
"Aug 28, 2017","32,337.58","32,337.58","32,337.58","32,337.58","-","0.28%"
"Aug 25, 2017","32,248.47","32,248.47","32,248.47","32,248.47","-","1.66%"
"Aug 24, 2017","31,720.49","31,720.49","31,720.49","31,720.49","-","0.93%"
"Aug 23, 2017","31,428.50","31,428.50","31,428.50","31,428.50","-","0.01%"
"Aug 22, 2017","31,426.10","31,426.10","31,426.10","31,426.10","-","1.31%"
"Aug 21, 2017","31,019.33","31,019.33","31,019.33","31,019.33","-","1.03%"
"Aug 18, 2017","30,703.50","30,703.50","30,703.50","30,703.50","-","-1.04%"
"Aug 17, 2017","31,025.39","31,025.39","31,025.39","31,025.39","-","0.03%"
"Aug 16, 2017","31,015.11","31,015.11","31,015.11","31,015.11","-","0.80%"
"Aug 15, 2017","30,769.02","30,769.02","30,769.02","30,769.02","-","-0.23%"
"Aug 14, 2017","30,841.19","30,841.19","30,841.19","30,841.19","-","1.31%"
"Aug 11, 2017","30,442.70","30,442.70","30,442.70","30,442.70","-","-2.10%"
"Aug 10, 2017","31,095.83","31,095.83","31,095.83","31,095.83","-","-1.27%"
"Aug 09, 2017","31,495.98","31,495.98","31,495.98","31,495.98","-","-0.59%"
"Aug 08, 2017","31,683.93","31,683.93","31,683.93","31,683.93","-","0.65%"
"Aug 07, 2017","31,479.09","31,479.09","31,479.09","31,479.09","-","0.48%"
"Aug 04, 2017","31,329.92","31,329.92","31,329.92","31,329.92","-","0.05%"
"Aug 03, 2017","31,315.13","31,315.13","31,315.13","31,315.13","-","-0.50%"
"Aug 02, 2017","31,473.28","31,473.28","31,473.28","31,473.28","-","0.09%"
"Aug 01, 2017","31,444.91","31,444.91","31,444.91","31,444.91","-","0.91%"
"Jul 31, 2017","31,161.35","31,161.35","31,161.35","31,161.35","-","0.88%"
"Jul 28, 2017","30,889.80","30,889.80","30,889.80","30,889.80","-","-1.01%"
"Jul 27, 2017","31,203.70","31,203.70","31,203.70","31,203.70","-","0.84%"
"Jul 26, 2017","30,942.25","30,942.25","30,942.25","30,942.25","-","0.68%"
"Jul 25, 2017","30,733.78","30,733.78","30,733.78","30,733.78","-","-0.37%"
"Jul 24, 2017","30,846.99","30,846.99","30,846.99","30,846.99","-","0.50%"
"Jul 21, 2017","30,692.29","30,692.29","30,692.29","30,692.29","-","-0.22%"
"Jul 20, 2017","30,759.70","30,759.70","30,759.70","30,759.70","-","0.07%"
"Jul 19, 2017","30,737.52","30,737.52","30,737.52","30,737.52","-","1.12%"
"Jul 18, 2017","30,396.11","30,396.11","30,396.11","30,396.11","-","-0.21%"
"Jul 17, 2017","30,459.67","30,459.67","30,459.67","30,459.67","-","0.55%"
"Jul 14, 2017","30,291.88","30,291.88","30,291.88","30,291.88","-","0.62%"
"Jul 13, 2017","30,105.76","30,105.76","30,105.76","30,105.76","-","1.43%"
"Jul 12, 2017","29,681.13","29,681.13","29,681.13","29,681.13","-","0.77%"
"Jul 11, 2017","29,455.62","29,455.62","29,455.62","29,455.62","-","1.94%"
"Jul 10, 2017","28,893.70","28,893.70","28,893.70","28,893.70","-","-0.01%"
"Jul 07, 2017","28,895.66","28,895.66","28,895.66","28,895.66","-","-0.83%"
"Jul 06, 2017","29,136.78","29,136.78","29,136.78","29,136.78","-","-0.08%"
"Jul 05, 2017","29,160.07","29,160.07","29,160.07","29,160.07","-","0.64%"
"Jul 04, 2017","28,974.73","28,974.73","28,974.73","28,974.73","-","-1.18%"
"Jul 03, 2017","29,319.91","29,319.91","29,319.91","29,319.91","-","0.88%"
"Jun 30, 2017","29,065.06","29,065.06","29,065.06","29,065.06","-","-0.64%"
"Jun 29, 2017","29,250.86","29,250.86","29,250.86","29,250.86","-","0.64%"
"Jun 28, 2017","29,064.53","29,064.53","29,064.53","29,064.53","-","-0.87%"
"Jun 27, 2017","29,320.15","29,320.15","29,320.15","29,320.15","-","-0.16%"
"Jun 26, 2017","29,367.40","29,367.40","29,367.40","29,367.40","-","1.01%"
"Jun 23, 2017","29,074.38","29,074.38","29,074.38","29,074.38","-","0.19%"
"Jun 22, 2017","29,020.39","29,020.39","29,020.39","29,020.39","-","0.49%"
"Jun 21, 2017","28,879.74","28,879.74","28,879.74","28,879.74","-","-0.59%"
"Jun 20, 2017","29,051.31","29,051.31","29,051.31","29,051.31","-","-0.37%"
"Jun 19, 2017","29,157.89","29,157.89","29,157.89","29,157.89","-","1.21%"
"Jun 16, 2017","28,809.64","28,809.64","28,809.64","28,809.64","-","0.39%"
"Jun 15, 2017","28,698.26","28,698.26","28,698.26","28,698.26","-","-1.56%"
"Jun 14, 2017","29,153.63","29,153.63","29,153.63","29,153.63","-","0.15%"
"Jun 13, 2017","29,110.35","29,110.35","29,110.35","29,110.35","-","0.57%"
"Jun 12, 2017","28,946.26","28,946.26","28,946.26","28,946.26","-","-1.20%"
"Jun 09, 2017","29,299.06","29,299.06","29,299.06","29,299.06","-","-0.50%"
"Jun 08, 2017","29,444.89","29,444.89","29,444.89","29,444.89","-","0.28%"
"Jun 07, 2017","29,362.29","29,362.29","29,362.29","29,362.29","-","0.02%"
"Jun 06, 2017","29,356.93","29,356.93","29,356.93","29,356.93","-","0.31%"
"Jun 05, 2017","29,267.56","29,267.56","29,267.56","29,267.56","-","-0.23%"
"Jun 02, 2017","29,335.87","29,335.87","29,335.87","29,335.87","-","0.25%"
"Jun 01, 2017","29,261.50","29,261.50","29,261.50","29,261.50","-","0.32%"
"May 31, 2017","29,167.95","29,167.95","29,167.95","29,167.95","-","-0.35%"
"May 29, 2017","29,268.98","29,268.98","29,268.98","29,268.98","-","0.32%"
"May 26, 2017","29,175.22","29,175.22","29,175.22","29,175.22","-","0.05%"
"May 25, 2017","29,160.83","29,160.83","29,160.83","29,160.83","-","1.53%"
"May 24, 2017","28,720.32","28,720.32","28,720.32","28,720.32","-","0.02%"
"May 23, 2017","28,713.33","28,713.33","28,713.33","28,713.33","-","0.08%"
"May 22, 2017","28,691.64","28,691.64","28,691.64","28,691.64","-","0.99%"
"May 19, 2017","28,411.45","28,411.45","28,411.45","28,411.45","-","0.41%"
"May 18, 2017","28,294.47","28,294.47","28,294.47","28,294.47","-","-0.65%"
"May 17, 2017","28,480.51","28,480.51","28,480.51","28,480.51","-","-0.27%"
"May 16, 2017","28,557.44","28,557.44","28,557.44","28,557.44","-","-0.06%"
"May 15, 2017","28,575.95","28,575.95","28,575.95","28,575.95","-","1.39%"
"May 12, 2017","28,182.98","28,182.98","28,182.98","28,182.98","-","0.32%"
"May 11, 2017","28,092.85","28,092.85","28,092.85","28,092.85","-","0.40%"
"May 10, 2017","27,980.09","27,980.09","27,980.09","27,980.09","-","0.69%"
"May 09, 2017","27,789.08","27,789.08","27,789.08","27,789.08","-","1.46%"
"May 08, 2017","27,388.49","27,388.49","27,388.49","27,388.49","-","0.44%"
"May 05, 2017","27,269.80","27,269.80","27,269.80","27,269.80","-","-1.28%"
"May 04, 2017","27,623.86","27,623.86","27,623.86","27,623.86","-","-0.81%"
"May 02, 2017","27,848.58","27,848.58","27,848.58","27,848.58","-","-0.20%"
"Apr 28, 2017","27,903.76","27,903.76","27,903.76","27,903.76","-","-0.42%"
"Apr 27, 2017","28,020.70","28,020.70","28,020.70","28,020.70","-","-0.38%"
"Apr 26, 2017","28,128.44","28,128.44","28,128.44","28,128.44","-","0.36%"
"Apr 25, 2017","28,026.42","28,026.42","28,026.42","28,026.42","-","1.40%"
"Apr 24, 2017","27,640.34","27,640.34","27,640.34","27,640.34","-","0.33%"
"Apr 21, 2017","27,549.33","27,549.33","27,549.33","27,549.33","-","-0.18%"
"Apr 20, 2017","27,598.89","27,598.89","27,598.89","27,598.89","-","0.92%"
"Apr 19, 2017","27,347.40","27,347.40","27,347.40","27,347.40","-","-0.46%"
"Apr 18, 2017","27,474.12","27,474.12","27,474.12","27,474.12","-","-1.55%"
"Apr 13, 2017","27,907.37","27,907.37","27,907.37","27,907.37","-","-0.06%"
"Apr 12, 2017","27,925.38","27,925.38","27,925.38","27,925.38","-","0.66%"
"Apr 11, 2017","27,743.48","27,743.48","27,743.48","27,743.48","-","-0.76%"
"Apr 10, 2017","27,955.76","27,955.76","27,955.76","27,955.76","-","-0.28%"
"Apr 07, 2017","28,034.54","28,034.54","28,034.54","28,034.54","-","0.13%"
"Apr 06, 2017","27,998.94","27,998.94","27,998.94","27,998.94","-","-0.74%"
"Apr 05, 2017","28,208.56","27,999.14","28,208.56","27,999.14","-","1.46%"
"Mar 31, 2017","27,802.32","27,802.32","27,802.32","27,802.32","-","-0.78%"
"Mar 30, 2017","28,020.12","28,020.12","28,020.12","28,020.12","-","-0.87%"
"Mar 29, 2017","28,266.85","28,266.85","28,266.85","28,266.85","-","0.11%"
"Mar 28, 2017","28,236.17","28,236.17","28,236.17","28,236.17","-","0.63%"
"Mar 27, 2017","28,059.81","28,059.81","28,059.81","28,059.81","-","-1.04%"
"Mar 24, 2017","28,355.84","28,355.84","28,355.84","28,355.84","-","0.08%"
"Mar 23, 2017","28,333.18","28,333.18","28,333.18","28,333.18","-","-0.12%"
"Mar 22, 2017","28,367.63","28,367.63","28,367.63","28,367.63","-","-1.56%"
"Mar 21, 2017","28,818.19","28,818.19","28,818.19","28,818.19","-","0.56%"
"Mar 20, 2017","28,657.06","28,657.06","28,657.06","28,657.06","-","0.82%"
"Mar 17, 2017","28,424.15","28,424.15","28,424.15","28,424.15","-","-0.04%"
"Mar 16, 2017","28,434.16","28,434.16","28,434.16","28,434.16","-","2.61%"
"Mar 15, 2017","27,711.69","27,711.69","27,711.69","27,711.69","-","-0.28%"
"Mar 14, 2017","27,789.74","27,789.74","27,789.74","27,789.74","-","0.30%"
"Mar 13, 2017","27,707.06","27,707.06","27,707.06","27,707.06","-","1.75%"
"Mar 10, 2017","27,229.80","27,229.80","27,229.80","27,229.80","-","-0.01%"
"Mar 09, 2017","27,232.78","27,232.78","27,232.78","27,232.78","-","-1.67%"
"Mar 08, 2017","27,694.92","27,694.92","27,694.92","27,694.92","-","0.53%"
"Mar 07, 2017","27,548.56","27,548.56","27,548.56","27,548.56","-","0.70%"
"Mar 06, 2017","27,358.19","27,358.19","27,358.19","27,358.19","-","0.31%"
"Mar 03, 2017","27,274.52","27,274.52","27,274.52","27,274.52","-","-0.85%"
"Mar 02, 2017","27,508.12","27,508.12","27,508.12","27,508.12","-","-0.33%"
"Mar 01, 2017","27,598.64","27,598.64","27,598.64","27,598.64","-","-0.17%"
"Feb 28, 2017","27,645.38","27,645.38","27,645.38","27,645.38","-","-0.54%"
"Feb 27, 2017","27,796.53","27,796.53","27,796.53","27,796.53","-","-0.72%"
"Feb 24, 2017","27,997.88","27,997.88","27,997.88","27,997.88","-","-0.95%"
"Feb 23, 2017","28,265.49","28,265.49","28,265.49","28,265.49","-","-0.25%"
"Feb 22, 2017","28,335.83","28,335.83","28,335.83","28,335.83","-","1.37%"
"Feb 21, 2017","27,952.11","27,952.11","27,952.11","27,952.11","-","-0.41%"
"Feb 20, 2017","28,068.30","28,068.30","28,068.30","28,068.30","-","0.75%"
"Feb 17, 2017","27,858.71","27,858.71","27,858.71","27,858.71","-","-0.87%"
"Feb 16, 2017","28,102.10","28,102.10","28,102.10","28,102.10","-","0.33%"
"Feb 15, 2017","28,010.55","28,010.55","28,010.55","28,010.55","-","1.53%"
"Feb 14, 2017","27,588.63","27,588.63","27,588.63","27,588.63","-","-0.29%"
"Feb 13, 2017","27,668.18","27,668.18","27,668.18","27,668.18","-","1.09%"
"Feb 10, 2017","27,371.05","27,371.05","27,371.05","27,371.05","-","0.18%"
"Feb 09, 2017","27,321.98","27,321.98","27,321.98","27,321.98","-","0.92%"
"Feb 08, 2017","27,071.81","27,071.81","27,071.81","27,071.81","-","1.08%"
"Feb 07, 2017","26,783.59","26,783.59","26,783.59","26,783.59","-","-0.04%"
"Feb 06, 2017","26,795.46","26,795.46","26,795.46","26,795.46","-","1.41%"
"Feb 03, 2017","26,423.80","26,423.80","26,423.80","26,423.80","-","-0.15%"
"Feb 02, 2017","26,462.24","26,462.24","26,462.24","26,462.24","-","-0.62%"
"Feb 01, 2017","26,626.09","26,626.09","26,626.09","26,626.09","-","-0.18%"
"Jan 27, 2017","26,674.52","26,674.52","26,674.52","26,674.52","-","-0.48%"
"Jan 26, 2017","26,803.77","26,803.77","26,803.77","26,803.77","-","1.36%"
"Jan 25, 2017","26,443.20","26,443.20","26,443.20","26,443.20","-","0.04%"
"Jan 24, 2017","26,433.53","26,433.53","26,433.53","26,433.53","-","0.40%"
"Jan 23, 2017","26,327.66","26,327.66","26,327.66","26,327.66","-","0.07%"
"Jan 20, 2017","26,308.79","26,308.79","26,308.79","26,308.79","-","-0.86%"
"Jan 19, 2017","26,536.09","26,536.09","26,536.09","26,536.09","-","-0.17%"
"Jan 18, 2017","26,582.07","26,582.07","26,582.07","26,582.07","-","1.13%"
"Jan 17, 2017","26,284.55","26,284.55","26,284.55","26,284.55","-","0.43%"
"Jan 16, 2017","26,170.84","26,170.84","26,170.84","26,170.84","-","-1.29%"
"Jan 13, 2017","26,513.73","26,513.73","26,513.73","26,513.73","-","0.69%"
"Jan 12, 2017","26,332.23","26,332.23","26,332.23","26,332.23","-","-0.20%"
"Jan 11, 2017","26,385.72","26,385.72","26,385.72","26,385.72","-","0.81%"
"Jan 10, 2017","26,174.60","26,174.60","26,174.60","26,174.60","-","0.64%"
"Jan 09, 2017","26,007.98","26,007.98","26,007.98","26,007.98","-","0.03%"
"Jan 06, 2017","26,000.43","26,000.43","26,000.43","26,000.43","-","0.18%"
"Jan 05, 2017","25,953.06","25,953.06","25,953.06","25,953.06","-","1.71%"
"Jan 04, 2017","25,516.00","25,516.00","25,516.00","25,516.00","-","-0.11%"
"Jan 03, 2017","25,543.34","25,543.34","25,543.34","25,543.34","-","0.38%"
"Dec 30, 2016","25,445.61","25,445.61","25,445.61","25,445.61","-","0.99%"
"Dec 29, 2016","25,197.29","25,197.29","25,197.29","25,197.29","-","0.32%"
"Dec 28, 2016","25,116.00","25,116.00","25,116.00","25,116.00","-","1.36%"
"Dec 23, 2016","24,779.57","24,779.57","24,779.57","24,779.57","-","-0.18%"
"Dec 22, 2016","24,823.87","24,823.87","24,823.87","24,823.87","-","-1.33%"
"Dec 21, 2016","25,158.38","25,158.38","25,158.38","25,158.38","-","0.44%"
"Dec 20, 2016","25,047.89","25,047.89","25,047.89","25,047.89","-","-0.58%"
"Dec 19, 2016","25,195.26","25,195.26","25,195.26","25,195.26","-","-1.01%"
"Dec 16, 2016","25,453.51","25,453.51","25,453.51","25,453.51","-","-0.26%"
"Dec 15, 2016","25,518.66","25,518.66","25,518.66","25,518.66","-","-2.22%"
"Dec 14, 2016","26,098.80","26,098.80","26,098.80","26,098.80","-","-0.10%"
"Dec 13, 2016","26,124.88","26,124.88","26,124.88","26,124.88","-","0.29%"
"Dec 12, 2016","26,050.47","26,050.47","26,050.47","26,050.47","-","-1.71%"
"Dec 09, 2016","26,502.89","26,502.89","26,502.89","26,502.89","-","-0.48%"
"Dec 08, 2016","26,630.28","26,630.28","26,630.28","26,630.28","-","0.73%"
"Dec 07, 2016","26,438.54","26,438.54","26,438.54","26,438.54","-","0.42%"
"Dec 06, 2016","26,328.84","26,328.84","26,328.84","26,328.84","-","0.50%"
"Dec 05, 2016","26,198.07","26,198.07","26,198.07","26,198.07","-","-0.82%"
"Dec 02, 2016","26,415.69","26,415.69","26,415.69","26,415.69","-","-1.24%"
"Dec 01, 2016","26,746.87","26,746.87","26,746.87","26,746.87","-","0.94%"
"Nov 30, 2016","26,498.35","26,498.35","26,498.35","26,498.35","-","-0.05%"
"Nov 29, 2016","26,511.16","26,511.16","26,511.16","26,511.16","-","-0.39%"
"Nov 28, 2016","26,614.12","26,614.12","26,614.12","26,614.12","-","0.88%"
"Nov 25, 2016","26,382.93","26,382.93","26,382.93","26,382.93","-","0.86%"
"Nov 24, 2016","26,158.59","26,158.59","26,158.59","26,158.59","-","-0.09%"
"Nov 23, 2016","26,181.07","26,181.07","26,181.07","26,181.07","-","-0.03%"
"Nov 22, 2016","26,187.93","26,187.93","26,187.93","26,187.93","-","1.97%"
"Nov 21, 2016","25,682.80","25,682.80","25,682.80","25,682.80","-","0.56%"
"Nov 18, 2016","25,539.09","25,539.09","25,539.09","25,539.09","-","0.30%"
"Nov 17, 2016","25,463.21","25,463.21","25,463.21","25,463.21","-","-0.29%"
"Nov 16, 2016","25,536.42","25,536.42","25,536.42","25,536.42","-","-0.13%"
"Nov 15, 2016","25,568.67","25,568.67","25,568.67","25,568.67","-","0.56%"
"Nov 14, 2016","25,426.90","25,426.90","25,426.90","25,426.90","-","-1.19%"
"Nov 11, 2016","25,734.00","25,734.00","25,734.00","25,734.00","-","-1.72%"
"Nov 10, 2016","26,185.02","26,185.02","26,185.02","26,185.02","-","1.75%"
"Nov 09, 2016","25,733.48","25,733.48","25,733.48","25,733.48","-","-2.61%"
"Nov 08, 2016","26,423.88","26,423.88","26,423.88","26,423.88","-","0.61%"
"Nov 07, 2016","26,264.70","26,264.70","26,264.70","26,264.70","-","1.19%"
"Nov 04, 2016","25,956.31","25,956.31","25,956.31","25,956.31","-","-0.10%"
"Nov 03, 2016","25,981.70","25,981.70","25,981.70","25,981.70","-","-0.44%"
"Nov 02, 2016","26,095.81","26,095.81","26,095.81","26,095.81","-","-1.71%"
"Nov 01, 2016","26,550.67","26,550.67","26,550.67","26,550.67","-","1.30%"
"Oct 31, 2016","26,209.96","26,209.96","26,209.96","26,209.96","-","0.02%"
"Oct 28, 2016","26,203.98","26,203.98","26,203.98","26,203.98","-","-0.93%"
"Oct 27, 2016","26,450.74","26,450.74","26,450.74","26,450.74","-","-0.93%"
"Oct 26, 2016","26,698.10","26,698.10","26,698.10","26,698.10","-","-1.33%"
"Oct 25, 2016","27,057.63","27,057.63","27,057.63","27,057.63","-","-0.20%"
"Oct 24, 2016","27,111.66","27,111.66","27,111.66","27,111.66","-","1.21%"
"Oct 21, 2016","26,787.98","26,787.98","26,787.98","26,787.98","-","0.01%"
"Oct 20, 2016","26,785.05","26,785.05","26,785.05","26,785.05","-","0.34%"
"Oct 19, 2016","26,695.05","26,695.05","26,695.05","26,695.05","-","-0.57%"
"Oct 18, 2016","26,848.21","26,848.21","26,848.21","26,848.21","-","1.91%"
"Oct 17, 2016","26,344.24","26,344.24","26,344.24","26,344.24","-","-0.77%"
"Oct 14, 2016","26,548.75","26,548.75","26,548.75","26,548.75","-","0.91%"
"Oct 13, 2016","26,309.70","26,309.70","26,309.70","26,309.70","-","-1.72%"
"Oct 12, 2016","26,770.12","26,770.12","26,770.12","26,770.12","-","-0.93%"
"Oct 11, 2016","27,022.37","27,022.37","27,022.37","27,022.37","-","-1.09%"
"Oct 07, 2016","27,320.96","27,320.96","27,320.96","27,320.96","-","-0.44%"
"Oct 06, 2016","27,440.49","27,440.49","27,440.49","27,440.49","-","1.01%"
"Oct 05, 2016","27,165.56","27,165.56","27,165.56","27,165.56","-","0.57%"
"Oct 04, 2016","27,010.85","27,010.85","27,010.85","27,010.85","-","0.57%"
"Oct 03, 2016","26,858.34","26,858.34","26,858.34","26,858.34","-","1.08%"
"Sep 30, 2016","26,570.44","26,570.44","26,570.44","26,570.44","-","-2.14%"
"Sep 29, 2016","27,152.01","27,152.01","27,152.01","27,152.01","-","0.73%"
"Sep 28, 2016","26,954.58","26,954.58","26,954.58","26,954.58","-","-0.07%"
"Sep 27, 2016","26,974.73","26,974.73","26,974.73","26,974.73","-","1.03%"
"Sep 26, 2016","26,699.92","26,699.92","26,699.92","26,699.92","-","-1.82%"
"Sep 23, 2016","27,195.46","27,195.46","27,195.46","27,195.46","-","-0.45%"
"Sep 22, 2016","27,317.54","27,317.54","27,317.54","27,317.54","-","0.62%"
"Sep 21, 2016","27,149.22","27,149.22","27,149.22","27,149.22","-","0.96%"
"Sep 20, 2016","26,891.69","26,891.69","26,891.69","26,891.69","-","0.04%"
"Sep 19, 2016","26,881.46","26,881.46","26,881.46","26,881.46","-","1.25%"
"Sep 15, 2016","26,550.20","26,550.20","26,550.20","26,550.20","-","0.33%"
"Sep 14, 2016","26,462.23","26,462.23","26,462.23","26,462.23","-","-0.18%"
"Sep 13, 2016","26,508.63","26,508.63","26,508.63","26,508.63","-","-0.43%"
"Sep 12, 2016","26,622.57","26,622.57","26,622.57","26,622.57","-","-3.86%"
"Sep 09, 2016","27,690.10","27,690.10","27,690.10","27,690.10","-","0.71%"
"Sep 08, 2016","27,495.78","27,495.78","27,495.78","27,495.78","-","0.51%"
"Sep 07, 2016","27,354.93","27,354.93","27,354.93","27,354.93","-","-0.02%"
"Sep 06, 2016","27,359.37","27,359.37","27,359.37","27,359.37","-","0.98%"
"Sep 05, 2016","27,093.85","27,093.85","27,093.85","27,093.85","-","1.79%"
"Sep 02, 2016","26,618.43","26,618.43","26,618.43","26,618.43","-","0.76%"
"Sep 01, 2016","26,416.75","26,416.75","26,416.75","26,416.75","-","0.49%"
"Aug 31, 2016","26,288.14","26,288.14","26,288.14","26,288.14","-","-0.80%"
"Aug 30, 2016","26,500.97","26,500.97","26,500.97","26,500.97","-","0.97%"
"Aug 29, 2016","26,245.62","26,245.62","26,245.62","26,245.62","-","-0.30%"
"Aug 26, 2016","26,323.93","26,323.93","26,323.93","26,323.93","-","0.54%"
"Aug 25, 2016","26,182.54","26,182.54","26,182.54","26,182.54","-","-0.37%"
"Aug 24, 2016","26,278.76","26,278.76","26,278.76","26,278.76","-","-0.79%"
"Aug 23, 2016","26,488.03","26,488.03","26,488.03","26,488.03","-","-0.38%"
"Aug 22, 2016","26,589.36","26,589.36","26,589.36","26,589.36","-","-0.01%"
"Aug 19, 2016","26,590.81","26,590.81","26,590.81","26,590.81","-","-0.29%"
"Aug 18, 2016","26,667.08","26,667.08","26,667.08","26,667.08","-","0.86%"
"Aug 17, 2016","26,438.64","26,438.64","26,438.64","26,438.64","-","-0.78%"
"Aug 16, 2016","26,645.62","26,645.62","26,645.62","26,645.62","-","0.10%"
"Aug 15, 2016","26,619.54","26,619.54","26,619.54","26,619.54","-","1.43%"
"Aug 12, 2016","26,243.09","26,243.09","26,243.09","26,243.09","-","1.29%"
"Aug 11, 2016","25,908.57","25,908.57","25,908.57","25,908.57","-","0.91%"
"Aug 10, 2016","25,674.40","25,674.40","25,674.40","25,674.40","-","0.03%"
"Aug 09, 2016","25,665.45","25,665.45","25,665.45","25,665.45","-","0.25%"
"Aug 08, 2016","25,601.53","25,601.53","25,601.53","25,601.53","-","1.68%"
"Aug 05, 2016","25,178.12","25,178.12","25,178.12","25,178.12","-","1.43%"
"Aug 04, 2016","24,824.03","24,824.03","24,824.03","24,824.03","-","0.29%"
"Aug 03, 2016","24,751.63","24,751.63","24,751.63","24,751.63","-","-1.70%"
"Aug 02, 2016","25,180.53","25,180.53","25,180.53","25,180.53","-","-0.01%"
"Aug 01, 2016","25,182.96","25,182.96","25,182.96","25,182.96","-","1.48%"
"Jul 29, 2016","24,815.98","24,815.98","24,815.98","24,815.98","-","-1.55%"
"Jul 28, 2016","25,206.59","25,206.59","25,206.59","25,206.59","-","-0.32%"
"Jul 27, 2016","25,286.64","25,286.64","25,286.64","25,286.64","-","0.49%"
"Jul 26, 2016","25,164.33","25,164.33","25,164.33","25,164.33","-","0.15%"
"Jul 25, 2016","25,127.44","25,127.44","25,127.44","25,127.44","-","0.14%"
"Jul 22, 2016","25,091.43","25,091.43","25,091.43","25,091.43","-","-0.38%"
"Jul 21, 2016","25,187.72","25,187.72","25,187.72","25,187.72","-","0.68%"
"Jul 20, 2016","25,018.73","25,018.73","25,018.73","25,018.73","-","0.51%"
"Jul 19, 2016","24,891.50","24,891.50","24,891.50","24,891.50","-","-1.00%"
"Jul 18, 2016","25,142.42","25,142.42","25,142.42","25,142.42","-","0.36%"
"Jul 15, 2016","25,051.57","25,051.57","25,051.57","25,051.57","-","0.39%"
"Jul 14, 2016","24,954.95","24,954.95","24,954.95","24,954.95","-","1.10%"
"Jul 13, 2016","24,682.45","24,682.45","24,682.45","24,682.45","-","0.64%"
"Jul 12, 2016","24,524.69","24,524.69","24,524.69","24,524.69","-","1.65%"
"Jul 11, 2016","24,126.95","24,126.95","24,126.95","24,126.95","-","1.82%"
"Jul 08, 2016","23,696.52","23,696.52","23,696.52","23,696.52","-","-0.72%"
"Jul 07, 2016","23,867.86","23,867.86","23,867.86","23,867.86","-","1.26%"
"Jul 06, 2016","23,570.40","23,570.40","23,570.40","23,570.40","-","-1.56%"
"Jul 05, 2016","23,944.36","23,944.36","23,944.36","23,944.36","-","-1.45%"
"Jul 04, 2016","24,296.71","24,296.71","24,296.71","24,296.71","-","1.21%"
"Jun 30, 2016","24,005.49","24,005.49","24,005.49","24,005.49","-","1.96%"
"Jun 29, 2016","23,542.91","23,542.91","23,542.91","23,542.91","-","1.54%"
"Jun 28, 2016","23,186.73","23,186.73","23,186.73","23,186.73","-","-0.22%"
"Jun 27, 2016","23,238.85","23,238.85","23,238.85","23,238.85","-","0.25%"
"Jun 24, 2016","23,180.71","23,180.71","23,180.71","23,180.71","-","-2.84%"
"Jun 23, 2016","23,857.48","23,857.48","23,857.48","23,857.48","-","0.15%"
"Jun 22, 2016","23,821.42","23,821.42","23,821.42","23,821.42","-","1.31%"
"Jun 21, 2016","23,514.16","23,514.16","23,514.16","23,514.16","-","1.11%"
"Jun 20, 2016","23,255.58","23,255.58","23,255.58","23,255.58","-","1.62%"
"Jun 17, 2016","22,885.18","22,885.18","22,885.18","22,885.18","-","0.72%"
"Jun 16, 2016","22,721.60","22,721.60","22,721.60","22,721.60","-","-1.82%"
"Jun 15, 2016","23,143.12","23,143.12","23,143.12","23,143.12","-","0.50%"
"Jun 14, 2016","23,027.16","23,027.16","23,027.16","23,027.16","-","-0.41%"
"Jun 13, 2016","23,121.04","23,121.04","23,121.04","23,121.04","-","-2.37%"
"Jun 10, 2016","23,683.30","23,683.30","23,683.30","23,683.30","-","-1.98%"
"Jun 08, 2016","24,160.62","24,160.62","24,160.62","24,160.62","-","0.22%"
"Jun 07, 2016","24,108.59","24,108.59","24,108.59","24,108.59","-","1.96%"
"Jun 06, 2016","23,644.46","23,644.46","23,644.46","23,644.46","-","0.73%"
"Jun 03, 2016","23,473.40","23,473.40","23,473.40","23,473.40","-","0.34%"
"Jun 02, 2016","23,393.46","23,393.46","23,393.46","23,393.46","-","0.42%"
"Jun 01, 2016","23,296.37","23,296.37","23,296.37","23,296.37","-","0.01%"
"May 31, 2016","23,294.10","23,294.10","23,294.10","23,294.10","-","1.01%"
"May 30, 2016","23,061.26","23,061.26","23,061.26","23,061.26","-","0.38%"
"May 27, 2016","22,974.77","22,974.77","22,974.77","22,974.77","-","1.07%"
"May 26, 2016","22,730.60","22,730.60","22,730.60","22,730.60","-","-0.06%"
"May 25, 2016","22,743.95","22,743.95","22,743.95","22,743.95","-","2.88%"
"May 24, 2016","22,106.95","22,106.95","22,106.95","22,106.95","-","-0.15%"
"May 23, 2016","22,141.17","22,141.17","22,141.17","22,141.17","-","0.13%"
"May 20, 2016","22,112.73","22,112.73","22,112.73","22,112.73","-","0.90%"
"May 19, 2016","21,916.01","21,916.01","21,916.01","21,916.01","-","-1.01%"
"May 18, 2016","22,140.72","22,140.72","22,140.72","22,140.72","-","-1.39%"
"May 17, 2016","22,453.69","22,453.69","22,453.69","22,453.69","-","1.26%"
"May 16, 2016","22,173.64","22,173.64","22,173.64","22,173.64","-","0.66%"
"May 13, 2016","22,028.07","22,028.07","22,028.07","22,028.07","-","-1.28%"
"May 12, 2016","22,313.84","22,313.84","22,313.84","22,313.84","-","-0.35%"
"May 11, 2016","22,391.63","22,391.63","22,391.63","22,391.63","-","-0.46%"
"May 10, 2016","22,494.19","22,494.19","22,494.19","22,494.19","-","0.50%"
"May 09, 2016","22,382.50","22,382.50","22,382.50","22,382.50","-","-0.14%"
"May 06, 2016","22,413.23","22,413.23","22,413.23","22,413.23","-","-1.71%"
"May 05, 2016","22,803.40","22,803.40","22,803.40","22,803.40","-","-0.81%"
"May 04, 2016","22,988.66","22,988.66","22,988.66","22,988.66","-","-0.60%"
"May 03, 2016","23,127.43","23,127.43","23,127.43","23,127.43","-","-2.02%"
"Apr 29, 2016","23,604.91","23,604.91","23,604.91","23,604.91","-","-1.43%"
"Apr 28, 2016","23,946.50","23,946.50","23,946.50","23,946.50","-","0.23%"
"Apr 27, 2016","23,890.60","23,890.60","23,890.60","23,890.60","-","0.01%"
"Apr 26, 2016","23,888.05","23,888.05","23,888.05","23,888.05","-","0.37%"
"Apr 25, 2016","23,800.97","23,800.97","23,800.97","23,800.97","-","-1.43%"
"Apr 22, 2016","24,145.15","24,145.15","24,145.15","24,145.15","-","-1.17%"
"Apr 21, 2016","24,430.48","24,430.48","24,430.48","24,430.48","-","1.59%"
"Apr 20, 2016","24,047.47","24,047.47","24,047.47","24,047.47","-","-1.28%"
"Apr 19, 2016","24,358.86","24,358.86","24,358.86","24,358.86","-","1.24%"
"Apr 18, 2016","24,060.83","24,060.83","24,060.83","24,060.83","-","-1.00%"
"Apr 15, 2016","24,304.94","24,304.94","24,304.94","24,304.94","-","-0.12%"
"Apr 14, 2016","24,334.66","24,334.66","24,334.66","24,334.66","-","0.46%"
"Apr 13, 2016","24,223.42","24,223.42","24,223.42","24,223.42","-","3.71%"
"Apr 12, 2016","23,357.09","23,357.09","23,357.09","23,357.09","-","0.37%"
"Apr 11, 2016","23,271.57","23,271.57","23,271.57","23,271.57","-","0.86%"
"Apr 08, 2016","23,072.16","23,072.16","23,072.16","23,072.16","-","0.52%"
"Apr 07, 2016","22,953.56","22,953.56","22,953.56","22,953.56","-","0.21%"
"Apr 06, 2016","22,906.03","22,906.03","22,906.03","22,906.03","-","0.12%"
"Apr 05, 2016","22,879.25","22,879.25","22,879.25","22,879.25","-","-1.68%"
"Apr 01, 2016","23,271.06","23,271.06","23,271.06","23,271.06","-","-1.45%"
"Mar 31, 2016","23,612.44","23,612.44","23,612.44","23,612.44","-","0.35%"
"Mar 30, 2016","23,531.19","23,531.19","23,531.19","23,531.19","-","2.48%"
"Mar 29, 2016","22,961.32","22,961.32","22,961.32","22,961.32","-","0.03%"
"Mar 24, 2016","22,954.84","22,954.84","22,954.84","22,954.84","-","-1.68%"
"Mar 23, 2016","23,346.84","23,346.84","23,346.84","23,346.84","-","-0.21%"
"Mar 22, 2016","23,396.58","23,396.58","23,396.58","23,396.58","-","-0.28%"
"Mar 21, 2016","23,463.00","23,463.00","23,463.00","23,463.00","-","0.24%"
"Mar 18, 2016","23,407.94","23,407.94","23,407.94","23,407.94","-","1.33%"
"Mar 17, 2016","23,101.72","23,101.72","23,101.72","23,101.72","-","2.12%"
"Mar 16, 2016","22,621.04","22,621.04","22,621.04","22,621.04","-","-0.44%"
"Mar 15, 2016","22,720.73","22,720.73","22,720.73","22,720.73","-","-1.08%"
"Mar 14, 2016","22,968.37","22,968.37","22,968.37","22,968.37","-","1.50%"
"Mar 11, 2016","22,629.27","22,629.27","22,629.27","22,629.27","-","1.82%"
"Mar 10, 2016","22,224.10","22,224.10","22,224.10","22,224.10","-","-0.24%"
"Mar 09, 2016","22,277.57","22,277.57","22,277.57","22,277.57","-","-0.64%"
"Mar 08, 2016","22,420.55","22,420.55","22,420.55","22,420.55","-","-1.10%"
"Mar 07, 2016","22,670.91","22,670.91","22,670.91","22,670.91","-","0.60%"
"Mar 04, 2016","22,534.77","22,534.77","22,534.77","22,534.77","-","1.77%"
"Mar 03, 2016","22,143.63","22,143.63","22,143.63","22,143.63","-","0.08%"
"Mar 02, 2016","22,125.01","22,125.01","22,125.01","22,125.01","-","3.48%"
"Mar 01, 2016","21,381.36","21,381.36","21,381.36","21,381.36","-","2.09%"
"Feb 29, 2016","20,943.79","20,943.79","20,943.79","20,943.79","-","-1.61%"
"Feb 26, 2016","21,286.14","21,286.14","21,286.14","21,286.14","-","2.31%"
"Feb 25, 2016","20,806.33","20,806.33","20,806.33","20,806.33","-","-2.12%"
"Feb 24, 2016","21,257.21","21,257.21","21,257.21","21,257.21","-","-1.19%"
"Feb 23, 2016","21,512.55","21,512.55","21,512.55","21,512.55","-","-0.41%"
"Feb 22, 2016","21,600.06","21,600.06","21,600.06","21,600.06","-","1.02%"
"Feb 19, 2016","21,382.07","21,382.07","21,382.07","21,382.07","-","-0.55%"
"Feb 18, 2016","21,500.77","21,500.77","21,500.77","21,500.77","-","3.04%"
"Feb 17, 2016","20,865.79","20,865.79","20,865.79","20,865.79","-","-1.18%"
"Feb 16, 2016","21,115.58","21,115.58","21,115.58","21,115.58","-","6.25%"
"Feb 12, 2016","19,874.37","19,874.37","19,874.37","19,874.37","-","-1.74%"
"Feb 11, 2016","20,225.74","20,225.74","20,225.74","20,225.74","-","-4.69%"
"Feb 05, 2016","21,222.10","21,222.10","21,222.10","21,222.10","-","0.72%"
"Feb 04, 2016","21,070.50","21,070.50","21,070.50","21,070.50","-","1.51%"
"Feb 03, 2016","20,757.09","20,757.09","20,757.09","20,757.09","-","-2.31%"
"Feb 02, 2016","21,247.35","21,247.35","21,247.35","21,247.35","-","-1.84%"
"Jan 29, 2016","21,645.56","21,645.56","21,645.56","21,645.56","-","2.95%"
"Jan 28, 2016","21,024.82","21,024.82","21,024.82","21,024.82","-","1.06%"
"Jan 27, 2016","20,804.87","20,804.87","20,804.87","20,804.87","-","1.00%"
"Jan 26, 2016","20,599.29","20,599.29","20,599.29","20,599.29","-","-3.25%"
"Jan 25, 2016","21,291.02","21,291.02","21,291.02","21,291.02","-","1.31%"
"Jan 22, 2016","21,016.00","21,016.00","21,016.00","21,016.00","-","4.11%"
"Jan 21, 2016","20,186.18","20,186.18","20,186.18","20,186.18","-","-1.94%"
"Jan 20, 2016","20,586.39","20,586.39","20,586.39","20,586.39","-","-4.40%"
"Jan 19, 2016","21,534.29","21,534.29","21,534.29","21,534.29","-","2.84%"
"Jan 18, 2016","20,939.00","20,939.00","20,939.00","20,939.00","-","-1.17%"
"Jan 15, 2016","21,186.49","21,186.49","21,186.49","21,186.49","-","-2.36%"
"Jan 14, 2016","21,697.96","21,697.96","21,697.96","21,697.96","-","-0.67%"
"Jan 13, 2016","21,845.40","21,845.40","21,845.40","21,845.40","-","0.90%"
"Jan 12, 2016","21,649.90","21,649.90","21,649.90","21,649.90","-","-1.01%"
"Jan 11, 2016","21,871.16","21,871.16","21,871.16","21,871.16","-","-3.60%"
"Jan 08, 2016","22,688.63","22,688.63","22,688.63","22,688.63","-","1.04%"
"Jan 07, 2016","22,454.92","22,454.92","22,454.92","22,454.92","-","-4.18%"
"Jan 06, 2016","23,435.24","23,435.24","23,435.24","23,435.24","-","-0.93%"
"Jan 05, 2016","23,656.40","23,656.40","23,656.40","23,656.40","-","-1.06%"
"Jan 04, 2016","23,909.36","23,909.36","23,909.36","23,909.36","-","-3.34%"
"Dec 31, 2015","24,736.75","24,736.75","24,736.75","24,736.75","-","0.20%"
"Dec 30, 2015","24,688.29","24,688.29","24,688.29","24,688.29","-","-1.09%"
"Dec 29, 2015","24,960.02","24,960.02","24,960.02","24,960.02","-","0.16%"
"Dec 28, 2015","24,920.91","24,920.91","24,920.91","24,920.91","-","-1.36%"
"Dec 24, 2015","25,264.73","25,264.73","25,264.73","25,264.73","-","0.56%"
"Dec 23, 2015","25,123.68","25,123.68","25,123.68","25,123.68","-","1.38%"
"Dec 22, 2015","24,782.32","24,782.32","24,782.32","24,782.32","-","-0.05%"
"Dec 21, 2015","24,794.13","24,794.13","24,794.13","24,794.13","-","0.74%"
"Dec 18, 2015","24,613.19","24,613.19","24,613.19","24,613.19","-","-0.43%"
"Dec 17, 2015","24,718.68","24,718.68","24,718.68","24,718.68","-","0.80%"
"Dec 16, 2015","24,522.40","24,522.40","24,522.40","24,522.40","-","2.21%"
"Dec 15, 2015","23,991.23","23,991.23","23,991.23","23,991.23","-","0.38%"
"Dec 14, 2015","23,899.63","23,899.63","23,899.63","23,899.63","-","-0.47%"
"Dec 11, 2015","24,012.88","24,012.88","24,012.88","24,012.88","-","-1.41%"
"Dec 10, 2015","24,356.72","24,356.72","24,356.72","24,356.72","-","-1.06%"
"Dec 09, 2015","24,617.80","24,617.80","24,617.80","24,617.80","-","-0.58%"
"Dec 08, 2015","24,762.05","24,762.05","24,762.05","24,762.05","-","-1.40%"
"Dec 07, 2015","25,113.54","25,113.54","25,113.54","25,113.54","-","-0.51%"
"Dec 04, 2015","25,242.46","25,242.46","25,242.46","25,242.46","-","-1.24%"
"Dec 03, 2015","25,560.49","25,560.49","25,560.49","25,560.49","-","-0.43%"
"Dec 02, 2015","25,670.41","25,670.41","25,670.41","25,670.41","-","0.73%"
"Dec 01, 2015","25,484.27","25,484.27","25,484.27","25,484.27","-","1.87%"
"Nov 30, 2015","25,017.63","25,017.63","25,017.63","25,017.63","-","-0.48%"
"Nov 27, 2015","25,137.23","25,137.23","25,137.23","25,137.23","-","-2.30%"
"Nov 26, 2015","25,728.79","25,728.79","25,728.79","25,728.79","-","-0.28%"
"Nov 25, 2015","25,801.10","25,801.10","25,801.10","25,801.10","-","-0.21%"
"Nov 24, 2015","25,856.27","25,856.27","25,856.27","25,856.27","-","-0.45%"
"Nov 23, 2015","25,972.61","25,972.61","25,972.61","25,972.61","-","-0.60%"
"Nov 20, 2015","26,129.73","26,129.73","26,129.73","26,129.73","-","1.18%"
"Nov 19, 2015","25,826.26","25,826.26","25,826.26","25,826.26","-","1.32%"
"Nov 18, 2015","25,490.62","25,490.62","25,490.62","25,490.62","-","-0.23%"
"Nov 17, 2015","25,549.37","25,549.37","25,549.37","25,549.37","-","1.12%"
"Nov 16, 2015","25,265.69","25,265.69","25,265.69","25,265.69","-","-1.93%"
"Nov 13, 2015","25,763.12","25,763.12","25,763.12","25,763.12","-","-2.38%"
"Nov 12, 2015","26,389.90","26,389.90","26,389.90","26,389.90","-","2.00%"
"Nov 11, 2015","25,872.84","25,872.84","25,872.84","25,872.84","-","-0.56%"
"Nov 10, 2015","26,017.98","26,017.98","26,017.98","26,017.98","-","-1.73%"
"Nov 09, 2015","26,477.28","26,477.28","26,477.28","26,477.28","-","-0.84%"
"Nov 06, 2015","26,701.67","26,701.67","26,701.67","26,701.67","-","-0.62%"
"Nov 05, 2015","26,867.45","26,867.45","26,867.45","26,867.45","-","0.33%"
"Nov 04, 2015","26,777.79","26,777.79","26,777.79","26,777.79","-","2.67%"
"Nov 03, 2015","26,081.30","26,081.30","26,081.30","26,081.30","-","0.67%"
"Nov 02, 2015","25,907.69","25,907.69","25,907.69","25,907.69","-","-1.01%"
"Oct 30, 2015","26,173.23","26,173.23","26,173.23","26,173.23","-","-0.40%"
"Oct 29, 2015","26,278.57","26,278.57","26,278.57","26,278.57","-","-0.93%"
"Oct 28, 2015","26,524.43","26,524.43","26,524.43","26,524.43","-","-1.24%"
"Oct 27, 2015","26,856.39","26,856.39","26,856.39","26,856.39","-","-0.26%"
"Oct 26, 2015","26,927.65","26,927.65","26,927.65","26,927.65","-","0.01%"
"Oct 23, 2015","26,926.00","26,926.00","26,926.00","26,926.00","-","1.27%"
"Oct 22, 2015","26,589.03","26,589.03","26,589.03","26,589.03","-","-0.92%"
"Oct 20, 2015","26,835.97","26,835.97","26,835.97","26,835.97","-","-0.33%"
"Oct 19, 2015","26,923.52","26,923.52","26,923.52","26,923.52","-","0.48%"
"Oct 16, 2015","26,793.62","26,793.62","26,793.62","26,793.62","-","0.64%"
"Oct 15, 2015","26,623.47","26,623.47","26,623.47","26,623.47","-","2.03%"
"Oct 14, 2015","26,094.44","26,094.44","26,094.44","26,094.44","-","-0.92%"
"Oct 13, 2015","26,336.22","26,336.22","26,336.22","26,336.22","-","-0.71%"
"Oct 12, 2015","26,524.85","26,524.85","26,524.85","26,524.85","-","1.51%"
"Oct 09, 2015","26,131.10","26,131.10","26,131.10","26,131.10","-","0.80%"
"Oct 08, 2015","25,924.30","25,924.30","25,924.30","25,924.30","-","-1.32%"
"Oct 07, 2015","26,271.54","26,271.54","26,271.54","26,271.54","-","4.36%"
"Oct 06, 2015","25,173.97","25,173.97","25,173.97","25,173.97","-","-0.04%"
"Oct 05, 2015","25,183.68","25,183.68","25,183.68","25,183.68","-","1.71%"
"Oct 02, 2015","24,760.55","24,760.55","24,760.55","24,760.55","-","3.42%"
"Sep 30, 2015","23,940.60","23,940.60","23,940.60","23,940.60","-","1.95%"
"Sep 29, 2015","23,482.98","23,482.98","23,482.98","23,482.98","-","-3.12%"
"Sep 25, 2015","24,239.64","24,239.64","24,239.64","24,239.64","-","0.46%"
"Sep 24, 2015","24,128.79","24,128.79","24,128.79","24,128.79","-","-0.94%"
"Sep 23, 2015","24,358.27","24,358.27","24,358.27","24,358.27","-","-2.58%"
"Sep 22, 2015","25,002.21","25,002.21","25,002.21","25,002.21","-","-0.03%"
"Sep 21, 2015","25,009.58","25,009.58","25,009.58","25,009.58","-","-1.02%"
"Sep 18, 2015","25,268.54","25,268.54","25,268.54","25,268.54","-","0.72%"
"Sep 17, 2015","25,087.78","25,087.78","25,087.78","25,087.78","-","0.07%"
"Sep 16, 2015","25,070.38","25,070.38","25,070.38","25,070.38","-","2.38%"
"Sep 15, 2015","24,488.66","24,488.66","24,488.66","24,488.66","-","-0.17%"
"Sep 14, 2015","24,530.15","24,530.15","24,530.15","24,530.15","-","0.17%"
"Sep 11, 2015","24,488.37","24,488.37","24,488.37","24,488.37","-","-0.48%"
"Sep 10, 2015","24,605.59","24,605.59","24,605.59","24,605.59","-","-2.19%"
"Sep 09, 2015","25,157.26","25,157.26","25,157.26","25,157.26","-","4.53%"
"Sep 08, 2015","24,066.18","24,066.18","24,066.18","24,066.18","-","3.81%"
"Sep 07, 2015","23,183.25","23,183.25","23,183.25","23,183.25","-","-0.67%"
"Sep 04, 2015","23,339.73","23,339.73","23,339.73","23,339.73","-","-1.13%"
"Sep 02, 2015","23,605.37","23,605.37","23,605.37","23,605.37","-","-1.36%"
"Sep 01, 2015","23,931.61","23,931.61","23,931.61","23,931.61","-","-2.84%"
"Aug 31, 2015","24,631.25","24,631.25","24,631.25","24,631.25","-","0.11%"
"Aug 28, 2015","24,603.93","24,603.93","24,603.93","24,603.93","-","-1.08%"
"Aug 27, 2015","24,872.66","24,872.66","24,872.66","24,872.66","-","4.96%"
"Aug 26, 2015","23,697.78","23,697.78","23,697.78","23,697.78","-","-1.15%"
"Aug 25, 2015","23,974.44","23,974.44","23,974.44","23,974.44","-","-0.16%"
"Aug 24, 2015","24,011.94","24,011.94","24,011.94","24,011.94","-","-5.87%"
"Aug 21, 2015","25,508.09","25,508.09","25,508.09","25,508.09","-","-1.68%"
"Aug 20, 2015","25,945.00","25,945.00","25,945.00","25,945.00","-","-1.88%"
"Aug 19, 2015","26,442.18","26,442.18","26,442.18","26,442.18","-","-0.99%"
"Aug 18, 2015","26,706.71","26,706.71","26,706.71","26,706.71","-","-1.67%"
"Aug 17, 2015","27,160.11","27,160.11","27,160.11","27,160.11","-","-0.78%"
"Aug 14, 2015","27,372.77","27,372.77","27,372.77","27,372.77","-","-0.19%"
"Aug 13, 2015","27,425.70","27,425.70","27,425.70","27,425.70","-","0.78%"
"Aug 12, 2015","27,212.95","27,212.95","27,212.95","27,212.95","-","-2.36%"
"Aug 11, 2015","27,869.79","27,869.79","27,869.79","27,869.79","-","-0.15%"
"Aug 10, 2015","27,912.57","27,912.57","27,912.57","27,912.57","-","0.72%"
"Aug 07, 2015","27,713.04","27,713.04","27,713.04","27,713.04","-","1.08%"
"Aug 06, 2015","27,418.27","27,418.27","27,418.27","27,418.27","-","-0.45%"
"Aug 05, 2015","27,541.19","27,541.19","27,541.19","27,541.19","-","0.52%"
"Aug 04, 2015","27,399.43","27,399.43","27,399.43","27,399.43","-","0.30%"
"Aug 03, 2015","27,316.84","27,316.84","27,316.84","27,316.84","-","-1.13%"
"Jul 31, 2015","27,629.89","27,629.89","27,629.89","27,629.89","-","0.27%"
"Jul 30, 2015","27,554.96","27,554.96","27,554.96","27,554.96","-","-0.80%"
"Jul 29, 2015","27,776.20","27,776.20","27,776.20","27,776.20","-","0.62%"
"Jul 28, 2015","27,604.47","27,604.47","27,604.47","27,604.47","-","-0.12%"
"Jul 27, 2015","27,637.45","27,637.45","27,637.45","27,637.45","-","-3.97%"
"Jul 24, 2015","28,780.16","28,780.16","28,780.16","28,780.16","-","-1.26%"
"Jul 23, 2015","29,147.14","29,147.14","29,147.14","29,147.14","-","0.58%"
"Jul 22, 2015","28,978.51","28,978.51","28,978.51","28,978.51","-","-1.22%"
"Jul 21, 2015","29,335.33","29,335.33","29,335.33","29,335.33","-","1.12%"
"Jul 20, 2015","29,010.51","29,010.51","29,010.51","29,010.51","-","-0.29%"
"Jul 17, 2015","29,093.76","29,093.76","29,093.76","29,093.76","-","-0.02%"
"Jul 16, 2015","29,099.06","29,099.06","29,099.06","29,099.06","-","0.56%"
"Jul 15, 2015","28,936.79","28,936.79","28,936.79","28,936.79","-","-1.06%"
"Jul 14, 2015","29,247.84","29,247.84","29,247.84","29,247.84","-","-0.97%"
"Jul 13, 2015","29,533.70","29,533.70","29,533.70","29,533.70","-","1.02%"
"Jul 10, 2015","29,236.35","29,236.35","29,236.35","29,236.35","-","3.40%"
"Jul 09, 2015","28,275.05","28,275.05","28,275.05","28,275.05","-","4.16%"
"Jul 08, 2015","27,146.52","27,146.52","27,146.52","27,146.52","-","-6.36%"
"Jul 07, 2015","28,990.47","28,990.47","28,990.47","28,990.47","-","-2.90%"
"Jul 06, 2015","29,856.24","29,856.24","29,856.24","29,856.24","-","-3.55%"
"Jul 03, 2015","30,955.83","30,955.83","30,955.83","30,955.83","-","-1.31%"
"Jul 02, 2015","31,366.50","31,366.50","31,366.50","31,366.50","-","-0.71%"
"Jun 30, 2015","31,589.82","31,589.82","31,589.82","31,589.82","-","1.97%"
"Jun 29, 2015","30,980.98","30,980.98","30,980.98","30,980.98","-","-2.54%"
"Jun 26, 2015","31,788.59","31,788.59","31,788.59","31,788.59","-","-2.42%"
"Jun 25, 2015","32,577.18","32,577.18","32,577.18","32,577.18","-","-1.01%"
"Jun 24, 2015","32,907.98","32,907.98","32,907.98","32,907.98","-","0.74%"
"Jun 23, 2015","32,667.29","32,667.29","32,667.29","32,667.29","-","2.09%"
"Jun 22, 2015","31,999.42","31,999.42","31,999.42","31,999.42","-","1.46%"
"Jun 19, 2015","31,538.12","31,538.12","31,538.12","31,538.12","-","-0.44%"
"Jun 18, 2015","31,676.51","31,676.51","31,676.51","31,676.51","-","-0.94%"
"Jun 17, 2015","31,975.59","31,975.59","31,975.59","31,975.59","-","1.02%"
"Jun 16, 2015","31,653.19","31,653.19","31,653.19","31,653.19","-","-2.37%"
"Jun 15, 2015","32,421.62","32,421.62","32,421.62","32,421.62","-","-2.19%"
"Jun 12, 2015","33,148.37","33,148.37","33,148.37","33,148.37","-","1.76%"
"Jun 11, 2015","32,576.08","32,576.08","32,576.08","32,576.08","-","0.97%"
"Jun 10, 2015","32,263.83","32,263.83","32,263.83","32,263.83","-","-1.61%"
"Jun 09, 2015","32,790.77","32,790.77","32,790.77","32,790.77","-","-1.80%"
"Jun 08, 2015","33,391.59","33,391.59","33,391.59","33,391.59","-","0.99%"
"Jun 05, 2015","33,063.11","33,063.11","33,063.11","33,063.11","-","-1.26%"
"Jun 04, 2015","33,483.36","33,483.36","33,483.36","33,483.36","-","0.12%"
"Jun 03, 2015","33,444.81","33,415.96","33,444.81","33,415.96","-","0.09%"
"Jun 02, 2015","33,415.96","33,415.96","33,415.96","33,415.96","-","0.74%"
"May 29, 2015","33,171.92","33,171.92","33,171.92","33,171.92","-","-0.61%"
"May 28, 2015","33,376.61","33,376.61","33,376.61","33,376.61","-","-2.97%"
"May 27, 2015","34,397.20","34,397.20","34,397.20","34,397.20","-","-0.64%"
"May 26, 2015","34,618.37","34,618.37","34,618.37","34,618.37","-","1.90%"
"May 22, 2015","33,973.66","33,973.66","33,973.66","33,973.66","-","1.85%"
"May 21, 2015","33,356.25","33,356.25","33,356.25","33,356.25","-","-0.66%"
"May 20, 2015","33,576.36","33,576.36","33,576.36","33,576.36","-","-0.86%"
"May 19, 2015","33,866.34","33,866.34","33,866.34","33,866.34","-","1.18%"
"May 18, 2015","33,471.78","33,471.78","33,471.78","33,471.78","-","-0.87%"
"May 15, 2015","33,766.37","33,766.37","33,766.37","33,766.37","-","1.58%"
"May 14, 2015","33,241.72","33,241.72","33,241.72","33,241.72","-","-0.15%"
"May 13, 2015","33,291.79","33,291.79","33,291.79","33,291.79","-","-0.73%"
"May 12, 2015","33,536.86","33,536.86","33,536.86","33,536.86","-","-1.35%"
"May 11, 2015","33,996.99","33,996.99","33,996.99","33,996.99","-","1.01%"
"May 08, 2015","33,658.19","33,658.19","33,658.19","33,658.19","-","1.77%"
"May 07, 2015","33,074.26","33,074.26","33,074.26","33,074.26","-","-1.81%"
"May 06, 2015","33,684.07","33,684.07","33,684.07","33,684.07","-","-0.84%"
"May 05, 2015","33,970.01","33,970.01","33,970.01","33,970.01","-","-1.99%"
"May 04, 2015","34,658.68","34,658.68","34,658.68","34,658.68","-","0.02%"
"Apr 30, 2015","34,652.07","34,652.07","34,652.07","34,652.07","-","-1.15%"
"Apr 29, 2015","35,056.29","35,056.29","35,056.29","35,056.29","-","-0.64%"
"Apr 28, 2015","35,282.89","35,282.89","35,282.89","35,282.89","-","-0.05%"
"Apr 27, 2015","35,298.88","35,298.88","35,298.88","35,298.88","-","1.47%"
"Apr 24, 2015","34,787.70","34,787.70","34,787.70","34,787.70","-","0.14%"
"Apr 23, 2015","34,738.81","34,738.81","34,738.81","34,738.81","-","-0.67%"
"Apr 22, 2015","34,973.61","34,973.61","34,973.61","34,973.61","-","1.18%"
"Apr 21, 2015","34,565.54","34,565.54","34,565.54","34,565.54","-","2.76%"
"Apr 20, 2015","33,638.45","33,638.45","33,638.45","33,638.45","-","-2.75%"
"Apr 17, 2015","34,591.04","34,591.04","34,591.04","34,591.04","-","-0.61%"
"Apr 16, 2015","34,803.86","34,803.86","34,803.86","34,803.86","-","1.41%"
"Apr 15, 2015","34,321.40","34,007.40","34,321.40","34,007.40","-","0.92%"
"Apr 14, 2015","34,007.40","34,007.40","34,007.40","34,007.40","-","-2.23%"
"Apr 13, 2015","34,782.37","34,782.37","34,782.37","34,782.37","-","3.69%"
"Apr 10, 2015","33,544.73","33,544.73","33,544.73","33,544.73","-","1.27%"
"Apr 09, 2015","33,123.48","33,123.48","33,123.48","33,123.48","-","2.67%"
"Apr 08, 2015","32,261.47","32,261.47","32,261.47","32,261.47","-","5.74%"
"Apr 02, 2015","30,509.61","30,509.61","30,509.61","30,509.61","-","1.17%"
"Apr 01, 2015","30,157.32","30,157.32","30,157.32","30,157.32","-","1.45%"
"Mar 31, 2015","29,726.39","29,726.39","29,726.39","29,726.39","-","0.50%"
"Mar 30, 2015","29,578.64","29,578.64","29,578.64","29,578.64","-","2.82%"
"Mar 27, 2015","28,768.05","28,768.05","28,768.05","28,768.05","-","-0.03%"
"Mar 26, 2015","28,776.50","28,776.50","28,776.50","28,776.50","-","-0.44%"
"Mar 25, 2015","28,902.83","28,902.83","28,902.83","28,902.83","-","0.01%"
"Mar 24, 2015","28,900.61","28,900.61","28,900.61","28,900.61","-","-0.87%"
"Mar 23, 2015","29,153.40","29,153.40","29,153.40","29,153.40","-","0.47%"
"Mar 20, 2015","29,016.16","29,016.16","29,016.16","29,016.16","-","-0.24%"
"Mar 19, 2015","29,087.02","29,087.02","29,087.02","29,087.02","-","1.25%"
"Mar 18, 2015","28,728.33","28,728.33","28,728.33","28,728.33","-","1.28%"
"Mar 17, 2015","28,364.63","28,364.63","28,364.63","28,364.63","-","0.07%"
"Mar 16, 2015","28,345.23","28,345.23","28,345.23","28,345.23","-","0.99%"
"Mar 13, 2015","28,066.96","28,066.96","28,066.96","28,066.96","-","0.82%"
"Mar 12, 2015","27,838.74","27,838.74","27,838.74","27,838.74","-","0.93%"
"Mar 11, 2015","27,581.40","27,581.40","27,581.40","27,581.40","-","-0.87%"
"Mar 10, 2015","27,824.36","27,824.36","27,824.36","27,824.36","-","-1.49%"
"Mar 09, 2015","28,245.22","28,245.22","28,245.22","28,245.22","-","0.34%"
"Mar 06, 2015","28,148.45","28,148.45","28,148.45","28,148.45","-","-0.10%"
"Mar 05, 2015","28,175.30","28,175.30","28,175.30","28,175.30","-","-0.75%"
"Mar 04, 2015","28,387.41","28,387.41","28,387.41","28,387.41","-","-1.56%"
"Mar 03, 2015","28,838.05","28,838.05","28,838.05","28,838.05","-","-1.93%"
"Mar 02, 2015","29,405.06","29,405.06","29,405.06","29,405.06","-","0.21%"
"Feb 27, 2015","29,344.72","29,344.72","29,344.72","29,344.72","-","-0.35%"
"Feb 26, 2015","29,448.77","29,448.77","29,448.77","29,448.77","-","1.15%"
"Feb 25, 2015","29,113.94","29,113.94","29,113.94","29,113.94","-","0.13%"
"Feb 24, 2015","29,076.76","29,076.76","29,076.76","29,076.76","-","0.04%"
"Feb 23, 2015","29,065.86","29,065.86","29,065.86","29,065.86","-","-0.03%"
"Feb 18, 2015","29,075.80","29,075.80","29,075.80","29,075.80","-","0.33%"
"Feb 17, 2015","28,979.79","28,979.79","28,979.79","28,979.79","-","0.40%"
"Feb 16, 2015","28,863.05","28,863.05","28,863.05","28,863.05","-","0.04%"
"Feb 13, 2015","28,850.81","28,850.81","28,850.81","28,850.81","-","1.10%"
"Feb 12, 2015","28,535.71","28,535.71","28,535.71","28,535.71","-","1.12%"
"Feb 11, 2015","28,218.76","28,218.76","28,218.76","28,218.76","-","-0.60%"
"Feb 10, 2015","28,389.52","28,389.52","28,389.52","28,389.52","-","0.20%"
"Feb 09, 2015","28,333.37","28,333.37","28,333.37","28,333.37","-","-0.50%"
"Feb 06, 2015","28,475.95","28,475.95","28,475.95","28,475.95","-","-0.90%"
"Feb 05, 2015","28,735.34","28,735.34","28,735.34","28,735.34","-","0.41%"
"Feb 04, 2015","28,619.38","28,619.38","28,619.38","28,619.38","-","0.54%"
"Feb 03, 2015","28,464.96","28,464.96","28,464.96","28,464.96","-","1.29%"
"Feb 02, 2015","28,101.14","28,101.14","28,101.14","28,101.14","-","-0.39%"
"Jan 30, 2015","28,210.54","28,210.54","28,210.54","28,210.54","-","-0.51%"
"Jan 29, 2015","28,355.95","28,355.95","28,355.95","28,355.95","-","-1.65%"
"Jan 28, 2015","28,832.70","28,832.70","28,832.70","28,832.70","-","-0.15%"
"Jan 27, 2015","28,877.06","28,877.06","28,877.06","28,877.06","-","-1.28%"
"Jan 26, 2015","29,250.71","29,250.71","29,250.71","29,250.71","-","-0.16%"
"Jan 23, 2015","29,297.61","29,297.61","29,297.61","29,297.61","-","1.51%"
"Jan 22, 2015","28,862.67","28,862.67","28,862.67","28,862.67","-","0.40%"
"Jan 21, 2015","28,748.88","28,748.88","28,748.88","28,748.88","-","2.55%"
"Jan 20, 2015","28,035.08","28,035.08","28,035.08","28,035.08","-","1.81%"
"Jan 19, 2015","27,536.68","27,536.68","27,536.68","27,536.68","-","-3.37%"
"Jan 16, 2015","28,497.14","28,497.14","28,497.14","28,497.14","-","-1.20%"
"Jan 15, 2015","28,842.58","28,842.58","28,842.58","28,842.58","-","1.36%"
"Jan 14, 2015","28,456.23","28,456.23","28,456.23","28,456.23","-","-0.40%"
"Jan 13, 2015","28,571.54","28,571.54","28,571.54","28,571.54","-","0.48%"
"Jan 12, 2015","28,436.27","28,436.27","28,436.27","28,436.27","-","-0.41%"
"Jan 09, 2015","28,554.41","28,554.41","28,554.41","28,554.41","-","0.62%"
"Jan 08, 2015","28,377.26","28,377.26","28,377.26","28,377.26","-","0.68%"
"Jan 07, 2015","28,184.32","28,184.32","28,184.32","28,184.32","-","0.62%"
"Jan 06, 2015","28,011.29","28,011.29","28,011.29","28,011.29","-","-1.04%"
"Jan 05, 2015","28,305.48","28,305.48","28,305.48","28,305.48","-","-0.40%"
"Jan 02, 2015","28,418.34","28,418.34","28,418.34","28,418.34","-","2.07%"
"Dec 31, 2014","27,842.91","27,842.91","27,842.91","27,842.91","-","0.87%"
"Dec 30, 2014","27,603.14","27,603.14","27,603.14","27,603.14","-","-1.19%"
"Dec 29, 2014","27,934.25","27,934.25","27,934.25","27,934.25","-","3.26%"
"Dec 24, 2014","27,053.04","27,053.04","27,053.04","27,053.04","-","-0.72%"
"Dec 23, 2014","27,250.41","27,250.41","27,250.41","27,250.41","-","-0.57%"
"Dec 22, 2014","27,407.31","27,407.31","27,407.31","27,407.31","-","2.18%"
"Dec 19, 2014","26,822.52","26,607.43","26,822.52","26,607.43","-","1.90%"
"Dec 17, 2014","26,323.31","26,323.31","26,323.31","26,323.31","-","0.55%"
"Dec 16, 2014","26,178.45","26,178.45","26,178.45","26,178.45","-","-1.12%"
"Dec 15, 2014","26,473.86","26,473.86","26,473.86","26,473.86","-","-0.59%"
"Dec 12, 2014","26,629.90","26,629.90","26,629.90","26,629.90","-","-0.15%"
"Dec 11, 2014","26,670.06","26,670.06","26,670.06","26,670.06","-","-1.08%"
"Dec 10, 2014","26,962.23","26,962.23","26,962.23","26,962.23","-","0.28%"
"Dec 09, 2014","26,887.89","26,887.89","26,887.89","26,887.89","-","-3.81%"
"Dec 08, 2014","27,953.68","27,953.68","27,953.68","27,953.68","-","1.36%"
"Dec 05, 2014","27,578.90","27,578.90","27,578.90","27,578.90","-","0.83%"
"Dec 04, 2014","27,351.38","27,351.38","27,351.38","27,351.38","-","3.06%"
"Dec 03, 2014","26,538.35","26,538.35","26,538.35","26,538.35","-","-0.92%"
"Dec 02, 2014","26,785.33","26,785.33","26,785.33","26,785.33","-","2.06%"
"Dec 01, 2014","26,245.93","26,245.93","26,245.93","26,245.93","-","-2.94%"
"Nov 28, 2014","27,041.78","27,041.78","27,041.78","27,041.78","-","0.64%"
"Nov 27, 2014","26,868.55","26,868.55","26,868.55","26,868.55","-","-0.36%"
"Nov 26, 2014","26,966.27","26,966.27","26,966.27","26,966.27","-","1.72%"
"Nov 25, 2014","26,509.99","26,509.99","26,509.99","26,509.99","-","-0.47%"
"Nov 24, 2014","26,634.46","26,634.46","26,634.46","26,634.46","-","3.55%"
"Nov 21, 2014","25,720.31","25,720.31","25,720.31","25,720.31","-","0.58%"
"Nov 20, 2014","25,572.92","25,572.92","25,572.92","25,572.92","-","0.12%"
"Nov 19, 2014","25,541.65","25,541.65","25,541.65","25,541.65","-","-0.61%"
"Nov 18, 2014","25,698.27","25,698.27","25,698.27","25,698.27","-","-1.16%"
"Nov 17, 2014","26,000.27","26,000.27","26,000.27","26,000.27","-","-1.72%"
"Nov 14, 2014","26,455.29","26,455.29","26,455.29","26,455.29","-","0.04%"
"Nov 13, 2014","26,443.65","26,443.65","26,443.65","26,443.65","-","0.40%"
"Nov 12, 2014","26,337.44","26,337.44","26,337.44","26,337.44","-","0.60%"
"Nov 11, 2014","26,180.72","26,180.72","26,180.72","26,180.72","-","0.22%"
"Nov 10, 2014","26,122.31","26,122.31","26,122.31","26,122.31","-","0.65%"
"Nov 07, 2014","25,953.31","25,953.31","25,953.31","25,953.31","-","-0.45%"
"Nov 06, 2014","26,069.98","26,069.98","26,069.98","26,069.98","-","-0.34%"
"Nov 05, 2014","26,157.86","26,157.86","26,157.86","26,157.86","-","-0.88%"
"Nov 04, 2014","26,390.54","26,390.54","26,390.54","26,390.54","-","0.33%"
"Nov 03, 2014","26,302.61","26,302.61","26,302.61","26,302.61","-","-0.64%"
"Oct 31, 2014","26,470.95","26,470.95","26,470.95","26,470.95","-","1.42%"
"Oct 30, 2014","26,100.12","26,100.12","26,100.12","26,100.12","-","-0.71%"
"Oct 29, 2014","26,285.77","26,285.77","26,285.77","26,285.77","-","1.65%"
"Oct 28, 2014","25,860.28","25,860.28","25,860.28","25,860.28","-","2.27%"
"Oct 27, 2014","25,285.72","25,285.72","25,285.72","25,285.72","-","-0.77%"
"Oct 24, 2014","25,481.92","25,481.92","25,481.92","25,481.92","-","-0.17%"
"Oct 23, 2014","25,525.60","25,525.60","25,525.60","25,525.60","-","-0.31%"
"Oct 22, 2014","25,604.44","25,604.44","25,604.44","25,604.44","-","1.33%"
"Oct 21, 2014","25,267.87","25,267.87","25,267.87","25,267.87","-","-0.20%"
"Oct 20, 2014","25,318.83","25,318.83","25,318.83","25,318.83","-","0.78%"
"Oct 17, 2014","25,122.71","25,122.71","25,122.71","25,122.71","-","0.46%"
"Oct 16, 2014","25,007.19","25,007.19","25,007.19","25,007.19","-","-1.07%"
"Oct 15, 2014","25,278.85","25,278.85","25,278.85","25,278.85","-","0.29%"
"Oct 14, 2014","25,206.14","25,206.14","25,206.14","25,206.14","-","-0.48%"
"Oct 13, 2014","25,327.65","25,327.65","25,327.65","25,327.65","-","-0.03%"
"Oct 10, 2014","25,334.25","25,334.25","25,334.25","25,334.25","-","-1.96%"
"Oct 09, 2014","25,839.46","25,839.46","25,839.46","25,839.46","-","1.10%"
"Oct 08, 2014","25,557.38","25,557.38","25,557.38","25,557.38","-","-0.79%"
"Oct 07, 2014","25,761.74","25,761.74","25,761.74","25,761.74","-","0.49%"
"Oct 06, 2014","25,636.84","25,636.84","25,636.84","25,636.84","-","0.79%"
"Oct 03, 2014","25,435.96","25,435.96","25,435.96","25,435.96","-","0.95%"
"Sep 30, 2014","25,197.81","25,197.81","25,197.81","25,197.81","-","-1.47%"
"Sep 29, 2014","25,572.83","25,572.83","25,572.83","25,572.83","-","-1.30%"
"Sep 26, 2014","25,910.96","25,910.96","25,910.96","25,910.96","-","-0.66%"
"Sep 25, 2014","26,083.07","26,083.07","26,083.07","26,083.07","-","-0.85%"
"Sep 24, 2014","26,306.24","26,306.24","26,306.24","26,306.24","-","0.96%"
"Sep 23, 2014","26,057.08","26,057.08","26,057.08","26,057.08","-","-0.36%"
"Sep 22, 2014","26,151.45","26,151.45","26,151.45","26,151.45","-","-1.73%"
"Sep 19, 2014","26,612.96","26,612.96","26,612.96","26,612.96","-","0.14%"
"Sep 18, 2014","26,576.77","26,576.77","26,576.77","26,576.77","-","-0.91%"
"Sep 17, 2014","26,821.66","26,821.66","26,821.66","26,821.66","-","1.58%"
"Sep 16, 2014","26,404.36","26,404.36","26,404.36","26,404.36","-","-1.58%"
"Sep 15, 2014","26,827.95","26,827.95","26,827.95","26,827.95","-","-1.10%"
"Sep 12, 2014","27,127.01","27,127.01","27,127.01","27,127.01","-","-0.25%"
"Sep 11, 2014","27,194.80","27,194.80","27,194.80","27,194.80","-","-0.17%"
"Sep 10, 2014","27,241.70","27,241.70","27,241.70","27,241.70","-","-2.74%"
"Sep 08, 2014","28,008.97","28,008.97","28,008.97","28,008.97","-","0.27%"
"Sep 05, 2014","27,932.86","27,932.86","27,932.86","27,932.86","-","-0.26%"
"Sep 04, 2014","28,004.78","28,004.78","28,004.78","28,004.78","-","0.67%"
"Sep 03, 2014","27,819.21","27,819.21","27,819.21","27,819.21","-","3.06%"
"Sep 02, 2014","26,992.34","26,992.34","26,992.34","26,992.34","-","0.29%"
"Sep 01, 2014","26,913.63","26,913.63","26,913.63","26,913.63","-","-0.21%"
"Aug 29, 2014","26,971.52","26,971.52","26,971.52","26,971.52","-","0.27%"
"Aug 28, 2014","26,899.00","26,899.00","26,899.00","26,899.00","-","-0.74%"
"Aug 27, 2014","27,100.22","27,100.22","27,100.22","27,100.22","-","-0.52%"
"Aug 26, 2014","27,242.51","27,242.51","27,242.51","27,242.51","-","-0.10%"
"Aug 25, 2014","27,271.00","27,271.00","27,271.00","27,271.00","-","0.10%"
"Aug 22, 2014","27,244.60","27,244.60","27,244.60","27,244.60","-","0.90%"
"Aug 21, 2014","27,002.35","27,002.35","27,002.35","27,002.35","-","-0.94%"
"Aug 20, 2014","27,258.79","27,258.79","27,258.79","27,258.79","-","-0.26%"
"Aug 19, 2014","27,330.71","27,330.71","27,330.71","27,330.71","-","0.24%"
"Aug 18, 2014","27,265.94","27,265.94","27,265.94","27,265.94","-","0.14%"
"Aug 15, 2014","27,229.03","27,229.03","27,229.03","27,229.03","-","0.72%"
"Aug 14, 2014","27,035.05","27,035.05","27,035.05","27,035.05","-","-1.00%"
"Aug 13, 2014","27,306.98","27,306.98","27,306.98","27,306.98","-","1.14%"
"Aug 12, 2014","27,000.35","27,000.35","27,000.35","27,000.35","-","0.27%"
"Aug 11, 2014","26,928.63","26,928.63","26,928.63","26,928.63","-","1.84%"
"Aug 08, 2014","26,443.20","26,443.20","26,443.20","26,443.20","-","-0.40%"
"Aug 07, 2014","26,549.11","26,549.11","26,549.11","26,549.11","-","-1.13%"
"Aug 06, 2014","26,853.67","26,853.67","26,853.67","26,853.67","-","-0.64%"
"Aug 05, 2014","27,026.87","27,026.87","27,026.87","27,026.87","-","-0.19%"
"Aug 04, 2014","27,079.35","27,079.35","27,079.35","27,079.35","-","0.86%"
"Aug 01, 2014","26,847.77","26,847.77","26,847.77","26,847.77","-","-1.14%"
"Jul 31, 2014","27,157.74","27,157.74","27,157.74","27,157.74","-","0.34%"
"Jul 30, 2014","27,065.68","27,065.68","27,065.68","27,065.68","-","-0.04%"
"Jul 29, 2014","27,077.23","27,077.23","27,077.23","27,077.23","-","0.64%"
"Jul 28, 2014","26,905.64","26,905.64","26,905.64","26,905.64","-","1.35%"
"Jul 25, 2014","26,546.66","26,546.66","26,546.66","26,546.66","-","0.34%"
"Jul 24, 2014","26,457.54","26,457.54","26,457.54","26,457.54","-","1.29%"
"Jul 23, 2014","26,121.51","26,121.51","26,121.51","26,121.51","-","1.70%"
"Jul 22, 2014","25,684.43","25,684.43","25,684.43","25,684.43","-","2.36%"
"Jul 21, 2014","25,091.65","25,091.65","25,091.65","25,091.65","-","-0.69%"
"Jul 18, 2014","25,266.05","25,266.05","25,266.05","25,266.05","-","-0.25%"
"Jul 17, 2014","25,328.96","25,328.96","25,328.96","25,328.96","-","0.02%"
"Jul 16, 2014","25,323.42","25,323.42","25,323.42","25,323.42","-","-0.20%"
"Jul 15, 2014","25,374.70","25,374.70","25,374.70","25,374.70","-","0.60%"
"Jul 14, 2014","25,223.82","25,223.82","25,223.82","25,223.82","-","1.02%"
"Jul 11, 2014","24,969.63","24,969.63","24,969.63","24,969.63","-","-0.10%"
"Jul 10, 2014","24,995.60","24,995.60","24,995.60","24,995.60","-","0.27%"
"Jul 09, 2014","24,927.40","24,927.40","24,927.40","24,927.40","-","-1.62%"
"Jul 08, 2014","25,336.87","25,336.87","25,336.87","25,336.87","-","0.19%"
"Jul 07, 2014","25,288.31","25,288.31","25,288.31","25,288.31","-","0.00%"
"Jul 04, 2014","25,288.20","25,288.20","25,288.20","25,288.20","-","0.11%"
"Jul 03, 2014","25,259.42","25,259.42","25,259.42","25,259.42","-","0.59%"
"Jul 02, 2014","25,110.88","25,110.88","25,110.88","25,110.88","-","2.23%"
"Jun 30, 2014","24,563.77","24,563.77","24,563.77","24,563.77","-","0.18%"
"Jun 27, 2014","24,518.87","24,518.87","24,518.87","24,518.87","-","-0.25%"
"Jun 26, 2014","24,580.24","24,580.24","24,580.24","24,580.24","-","1.55%"
"Jun 25, 2014","24,205.05","24,205.05","24,205.05","24,205.05","-","-0.48%"
"Jun 24, 2014","24,320.59","24,320.59","24,320.59","24,320.59","-","0.48%"
"Jun 23, 2014","24,203.93","24,203.93","24,203.93","24,203.93","-","-1.79%"
"Jun 20, 2014","24,643.92","24,643.92","24,643.92","24,643.92","-","0.16%"
"Jun 19, 2014","24,604.64","24,604.64","24,604.64","24,604.64","-","-0.31%"
"Jun 18, 2014","24,681.67","24,681.67","24,681.67","24,681.67","-","-0.02%"
"Jun 17, 2014","24,685.46","24,685.46","24,685.46","24,685.46","-","-0.47%"
"Jun 16, 2014","24,802.21","24,802.21","24,802.21","24,802.21","-","0.27%"
"Jun 13, 2014","24,736.48","24,736.48","24,736.48","24,736.48","-","0.78%"
"Jun 12, 2014","24,545.72","24,545.72","24,545.72","24,545.72","-","0.07%"
"Jun 11, 2014","24,527.47","24,527.47","24,527.47","24,527.47","-","0.02%"
"Jun 10, 2014","24,522.26","24,522.26","24,522.26","24,522.26","-","1.26%"
"Jun 09, 2014","24,216.18","24,216.18","24,216.18","24,216.18","-","0.73%"
"Jun 06, 2014","24,041.50","24,041.50","24,041.50","24,041.50","-","-0.36%"
"Jun 05, 2014","24,128.37","24,128.37","24,128.37","24,128.37","-","0.20%"
"Jun 04, 2014","24,080.75","24,080.75","24,080.75","24,080.75","-","-0.63%"
"Jun 03, 2014","24,233.24","24,233.24","24,233.24","24,233.24","-","1.52%"
"May 30, 2014","23,871.21","23,871.21","23,871.21","23,871.21","-","0.43%"
"May 29, 2014","23,768.10","23,768.10","23,768.10","23,768.10","-","-0.33%"
"May 28, 2014","23,846.33","23,846.33","23,846.33","23,846.33","-","1.24%"
"May 27, 2014","23,555.07","23,555.07","23,555.07","23,555.07","-","-0.32%"
"May 26, 2014","23,631.60","23,631.60","23,631.60","23,631.60","-","0.05%"
"May 23, 2014","23,620.79","23,620.79","23,620.79","23,620.79","-","0.13%"
"May 22, 2014","23,590.29","23,590.29","23,590.29","23,590.29","-","1.06%"
"May 21, 2014","23,342.02","23,342.02","23,342.02","23,342.02","-","0.91%"
"May 20, 2014","23,132.00","23,132.00","23,132.00","23,132.00","-","0.06%"
"May 19, 2014","23,117.07","23,117.07","23,117.07","23,117.07","-","-0.39%"
"May 16, 2014","23,208.44","23,208.44","23,208.44","23,208.44","-","-0.21%"
"May 15, 2014","23,257.00","23,257.00","23,257.00","23,257.00","-","0.20%"
"May 14, 2014","23,209.72","23,209.72","23,209.72","23,209.72","-","1.47%"
"May 13, 2014","22,873.93","22,873.93","22,873.93","22,873.93","-","0.34%"
"May 12, 2014","22,796.54","22,796.54","22,796.54","22,796.54","-","1.64%"
"May 09, 2014","22,429.06","22,429.06","22,429.06","22,429.06","-","-0.58%"
"May 08, 2014","22,559.35","22,559.35","22,559.35","22,559.35","-","1.25%"
"May 07, 2014","22,279.76","22,279.76","22,279.76","22,279.76","-","-1.07%"
"May 05, 2014","22,521.40","22,521.40","22,521.40","22,521.40","-","-0.53%"
"May 02, 2014","22,641.97","22,641.97","22,641.97","22,641.97","-","0.02%"
"Apr 30, 2014","22,637.06","22,637.06","22,637.06","22,637.06","-","-0.89%"
"Apr 29, 2014","22,839.97","22,839.97","22,839.97","22,839.97","-","1.75%"
"Apr 28, 2014","22,446.30","22,446.30","22,446.30","22,446.30","-","-0.05%"
"Apr 25, 2014","22,457.57","22,457.57","22,457.57","22,457.57","-","-1.53%"
"Apr 24, 2014","22,805.60","22,805.60","22,805.60","22,805.60","-","0.53%"
"Apr 23, 2014","22,685.51","22,685.51","22,685.51","22,685.51","-","-1.33%"
"Apr 22, 2014","22,990.26","22,990.26","22,990.26","22,990.26","-","-0.65%"
"Apr 17, 2014","23,139.70","23,139.70","23,139.70","23,139.70","-","0.54%"
"Apr 16, 2014","23,014.52","23,014.52","23,014.52","23,014.52","-","0.10%"
"Apr 15, 2014","22,990.44","22,990.44","22,990.44","22,990.44","-","-2.22%"
"Apr 14, 2014","23,511.55","23,511.55","23,511.55","23,511.55","-","0.16%"
"Apr 11, 2014","23,474.41","23,474.41","23,474.41","23,474.41","-","-2.14%"
"Apr 10, 2014","23,987.51","23,987.51","23,987.51","23,987.51","-","0.70%"
"Apr 09, 2014","23,821.63","23,821.63","23,821.63","23,821.63","-","0.72%"
"Apr 08, 2014","23,652.46","23,652.46","23,652.46","23,652.46","-","1.92%"
"Apr 07, 2014","23,205.81","23,205.81","23,205.81","23,205.81","-","0.27%"
"Apr 04, 2014","23,143.39","23,143.39","23,143.39","23,143.39","-","-0.19%"
"Apr 03, 2014","23,186.69","23,186.69","23,186.69","23,186.69","-","0.35%"
"Apr 02, 2014","23,105.58","23,105.58","23,105.58","23,105.58","-","-0.70%"
"Apr 01, 2014","23,267.63","23,267.63","23,267.63","23,267.63","-","0.50%"
"Mar 31, 2014","23,151.21","23,151.21","23,151.21","23,151.21","-","0.51%"
"Mar 28, 2014","23,032.89","23,032.89","23,032.89","23,032.89","-","1.69%"
"Mar 27, 2014","22,649.31","22,649.31","22,649.31","22,649.31","-","-0.05%"
"Mar 26, 2014","22,660.47","22,660.47","22,660.47","22,660.47","-","1.53%"
"Mar 25, 2014","22,319.18","22,319.18","22,319.18","22,319.18","-","-0.67%"
"Mar 24, 2014","22,469.85","22,469.85","22,469.85","22,469.85","-","3.24%"
"Mar 21, 2014","21,763.74","21,763.74","21,763.74","21,763.74","-","2.17%"
"Mar 20, 2014","21,302.27","21,302.27","21,302.27","21,302.27","-","-1.56%"
"Mar 19, 2014","21,639.54","21,639.54","21,639.54","21,639.54","-","-0.15%"
"Mar 18, 2014","21,671.88","21,671.88","21,671.88","21,671.88","-","0.93%"
"Mar 17, 2014","21,471.54","21,471.54","21,471.54","21,471.54","-","-0.35%"
"Mar 14, 2014","21,546.50","21,546.50","21,546.50","21,546.50","-","-0.91%"
"Mar 13, 2014","21,744.80","21,744.80","21,744.80","21,744.80","-","-0.76%"
"Mar 12, 2014","21,911.86","21,911.86","21,911.86","21,911.86","-","-1.64%"
"Mar 11, 2014","22,276.30","22,276.30","22,276.30","22,276.30","-","-0.32%"
"Mar 10, 2014","22,347.04","22,347.04","22,347.04","22,347.04","-","-2.15%"